stock_id;symbol;price_date;open_price;high_price;low_price;close_price;volume;extraction_timestamp
1;AAPL;2025-10-17;248.0200;253.3800;247.2700;252.2900;49146961;2025/10/19 18:17:17.964
1;AAPL;2025-10-16;248.2500;249.0400;245.1300;247.4500;39776974;2025/10/19 18:17:17.964
1;AAPL;2025-10-15;249.4850;251.8200;247.4700;249.3400;33893611;2025/10/19 18:17:17.964
1;AAPL;2025-10-14;246.6000;248.8450;244.7000;247.7700;35477986;2025/10/19 18:17:17.964
1;AAPL;2025-10-13;249.3800;249.6900;245.5600;247.6600;38142942;2025/10/19 18:17:17.964
1;AAPL;2025-10-10;254.9400;256.3800;244.0000;245.2700;61999098;2025/10/19 18:17:17.964
1;AAPL;2025-10-09;257.8050;258.0000;253.1400;254.0400;38322012;2025/10/19 18:17:17.964
1;AAPL;2025-10-08;256.5200;258.5200;256.1100;258.0600;36496895;2025/10/19 18:17:17.964
1;AAPL;2025-10-07;256.8050;257.4000;255.4300;256.4800;31955776;2025/10/19 18:17:17.964
1;AAPL;2025-10-06;257.9900;259.0700;255.0500;256.6900;44664118;2025/10/19 18:17:17.964
1;AAPL;2025-10-03;254.6650;259.2400;253.9500;258.0200;49155614;2025/10/19 18:17:17.964
1;AAPL;2025-10-02;256.5750;258.1800;254.1500;257.1300;42630239;2025/10/19 18:17:17.964
1;AAPL;2025-10-01;255.0400;258.7900;254.9300;255.4500;48713940;2025/10/19 18:17:17.964
1;AAPL;2025-09-30;254.8550;255.9190;253.1100;254.6300;37704259;2025/10/19 18:17:17.964
1;AAPL;2025-09-29;254.5600;255.0000;253.0100;254.4300;40127687;2025/10/19 18:17:17.964
1;AAPL;2025-09-26;254.0950;257.6000;253.7800;255.4600;46076258;2025/10/19 18:17:17.964
1;AAPL;2025-09-25;253.2050;257.1700;251.7120;256.8700;55202075;2025/10/19 18:17:17.964
1;AAPL;2025-09-24;255.2200;255.7400;251.0400;252.3100;42303710;2025/10/19 18:17:17.964
1;AAPL;2025-09-23;255.8750;257.3400;253.5800;254.4300;60275187;2025/10/19 18:17:17.964
1;AAPL;2025-09-22;248.3000;256.6400;248.1200;256.0800;105517416;2025/10/19 18:17:17.964
1;AAPL;2025-09-19;241.2250;246.3000;240.2106;245.5000;163741314;2025/10/19 18:17:17.964
1;AAPL;2025-09-18;239.9700;241.2000;236.6500;237.8800;44249576;2025/10/19 18:17:17.964
1;AAPL;2025-09-17;238.9700;240.1000;237.7301;238.9900;46508017;2025/10/19 18:17:17.964
1;AAPL;2025-09-16;237.1750;241.2200;236.3235;238.1500;63421099;2025/10/19 18:17:17.964
1;AAPL;2025-09-15;237.0000;238.1900;235.0300;236.7000;42699524;2025/10/19 18:17:17.964
1;AAPL;2025-09-12;229.2200;234.5100;229.0200;234.0700;55824216;2025/10/19 18:17:17.964
1;AAPL;2025-09-11;226.8750;230.4500;226.6500;230.0300;50208578;2025/10/19 18:17:17.964
1;AAPL;2025-09-10;232.1850;232.4200;225.9500;226.7900;83440810;2025/10/19 18:17:17.964
1;AAPL;2025-09-09;237.0000;238.7805;233.3600;234.3500;66313918;2025/10/19 18:17:17.964
1;AAPL;2025-09-08;239.3000;240.1500;236.3400;237.8800;48999495;2025/10/19 18:17:17.964
1;AAPL;2025-09-05;239.9950;241.3200;238.4901;239.6900;54870397;2025/10/19 18:17:17.964
1;AAPL;2025-09-04;238.4500;239.8999;236.7400;239.7800;47549429;2025/10/19 18:17:17.964
1;AAPL;2025-09-03;237.2100;238.8500;234.3600;238.4700;66061716;2025/10/19 18:17:17.964
1;AAPL;2025-09-02;229.2500;230.8500;226.9700;229.7200;44075638;2025/10/19 18:17:17.964
1;AAPL;2025-08-29;232.5100;233.3800;231.3700;232.1400;39418437;2025/10/19 18:17:17.964
1;AAPL;2025-08-28;230.8200;233.4100;229.3350;232.5600;38074700;2025/10/19 18:17:17.964
1;AAPL;2025-08-27;228.6100;230.9000;228.2600;230.4900;31259513;2025/10/19 18:17:17.964
1;AAPL;2025-08-26;226.8700;229.4900;224.6900;229.3100;54575107;2025/10/19 18:17:17.964
1;AAPL;2025-08-25;226.4800;229.3000;226.2300;227.1600;30983133;2025/10/19 18:17:17.964
1;AAPL;2025-08-22;226.1700;229.0900;225.4100;227.7600;42477811;2025/10/19 18:17:17.964
1;AAPL;2025-08-21;226.2700;226.5200;223.7804;224.9000;30621249;2025/10/19 18:17:17.964
1;AAPL;2025-08-20;229.9800;230.4700;225.7700;226.0100;42263865;2025/10/19 18:17:17.964
1;AAPL;2025-08-19;231.2750;232.8700;229.3500;230.5600;39402564;2025/10/19 18:17:17.964
1;AAPL;2025-08-18;231.7000;233.1200;230.1100;230.8900;37476188;2025/10/19 18:17:17.964
1;AAPL;2025-08-15;234.0000;234.2800;229.3350;231.5900;56038657;2025/10/19 18:17:17.964
1;AAPL;2025-08-14;234.0550;235.1200;230.8500;232.7800;51916275;2025/10/19 18:17:17.964
1;AAPL;2025-08-13;231.0700;235.0000;230.4300;233.3300;69878546;2025/10/19 18:17:17.964
1;AAPL;2025-08-12;228.0050;230.8000;227.0700;229.6500;55672301;2025/10/19 18:17:17.964
1;AAPL;2025-08-11;227.9200;229.5600;224.7600;227.1800;61806132;2025/10/19 18:17:17.964
1;AAPL;2025-08-08;220.8300;231.0000;219.2500;229.3500;113853967;2025/10/19 18:17:17.964
1;AAPL;2025-08-07;218.8750;220.8500;216.5800;220.0300;90224834;2025/10/19 18:17:17.964
1;AAPL;2025-08-06;205.6300;215.3800;205.5900;213.2500;108483103;2025/10/19 18:17:17.964
1;AAPL;2025-08-05;203.4000;205.3400;202.1600;202.9200;44155079;2025/10/19 18:17:17.964
1;AAPL;2025-08-04;204.5050;207.8800;201.6750;203.3500;75109298;2025/10/19 18:17:17.964
1;AAPL;2025-08-01;210.8650;213.5800;201.5000;202.3800;104434473;2025/10/19 18:17:17.964
1;AAPL;2025-07-31;208.4900;209.8400;207.1600;207.5700;80698431;2025/10/19 18:17:17.964
1;AAPL;2025-07-30;211.8950;212.3900;207.7200;209.0500;45512514;2025/10/19 18:17:17.964
1;AAPL;2025-07-29;214.1750;214.8100;210.8200;211.2700;51411723;2025/10/19 18:17:17.964
1;AAPL;2025-07-28;214.0300;214.8450;213.0600;214.0500;37858017;2025/10/19 18:17:17.964
1;AAPL;2025-07-25;214.7000;215.2400;213.4000;213.8800;40268781;2025/10/19 18:17:17.964
1;AAPL;2025-07-24;213.9000;215.6900;213.5300;213.7600;46022620;2025/10/19 18:17:17.964
1;AAPL;2025-07-23;215.0000;215.1500;212.4100;214.1500;46989301;2025/10/19 18:17:17.964
1;AAPL;2025-07-22;213.1400;214.9500;212.2301;214.4000;46404072;2025/10/19 18:17:17.964
1;AAPL;2025-07-21;212.1000;215.7800;211.6300;212.4800;51377434;2025/10/19 18:17:17.964
1;AAPL;2025-07-18;210.8700;211.7900;209.7045;211.1800;48974591;2025/10/19 18:17:17.964
1;AAPL;2025-07-17;210.5700;211.8000;209.5900;210.0200;48068141;2025/10/19 18:17:17.964
1;AAPL;2025-07-16;210.2950;212.4000;208.6400;210.1600;47490532;2025/10/19 18:17:17.964
1;AAPL;2025-07-15;209.2200;211.8900;208.9200;209.1100;42296339;2025/10/19 18:17:17.964
1;AAPL;2025-07-14;209.9250;210.9100;207.5400;208.6200;38840111;2025/10/19 18:17:17.964
1;AAPL;2025-07-11;210.5650;212.1300;209.8600;211.1600;39765812;2025/10/19 18:17:17.964
1;AAPL;2025-07-10;210.5050;213.4800;210.0300;212.4100;44443635;2025/10/19 18:17:17.964
1;AAPL;2025-07-09;209.5300;211.3300;207.2200;211.1400;48749367;2025/10/19 18:17:17.964
1;AAPL;2025-07-08;210.1000;211.4300;208.4500;210.0100;42848928;2025/10/19 18:17:17.964
1;AAPL;2025-07-07;212.6800;216.2300;208.8000;209.9500;50228984;2025/10/19 18:17:17.964
1;AAPL;2025-07-03;212.1450;214.6500;211.8101;213.5500;34955836;2025/10/19 18:17:17.964
1;AAPL;2025-07-02;208.9100;213.3400;208.1400;212.4400;67941811;2025/10/19 18:17:17.964
1;AAPL;2025-07-01;206.6650;210.1865;206.1401;207.8200;78788867;2025/10/19 18:17:17.964
1;AAPL;2025-06-30;202.0100;207.3900;199.2607;205.1700;91912816;2025/10/19 18:17:17.964
1;AAPL;2025-06-27;201.8900;203.2200;200.0000;201.0800;73188571;2025/10/19 18:17:17.964
1;AAPL;2025-06-26;201.4300;202.6400;199.4600;201.0000;50799121;2025/10/19 18:17:17.964
1;AAPL;2025-06-25;201.4500;203.6700;200.6201;201.5600;39525730;2025/10/19 18:17:17.964
1;AAPL;2025-06-24;202.5900;203.4400;200.2000;200.3000;54064033;2025/10/19 18:17:17.964
1;AAPL;2025-06-23;201.6250;202.3000;198.9600;201.5000;55814272;2025/10/19 18:17:17.964
1;AAPL;2025-06-20;198.2350;201.7000;196.8550;201.0000;96813542;2025/10/19 18:17:17.964
1;AAPL;2025-06-18;195.9400;197.5700;195.0700;196.5800;45394689;2025/10/19 18:17:17.964
1;AAPL;2025-06-17;197.2000;198.3900;195.2100;195.6400;38856152;2025/10/19 18:17:17.964
1;AAPL;2025-06-16;197.3000;198.6850;196.5636;198.4200;43020691;2025/10/19 18:17:17.964
1;AAPL;2025-06-13;199.7300;200.3700;195.7000;196.4500;51447349;2025/10/19 18:17:17.964
1;AAPL;2025-06-12;199.0800;199.6800;197.3601;199.2000;43904635;2025/10/19 18:17:17.964
1;AAPL;2025-06-11;203.5000;204.5000;198.4100;198.7800;60989857;2025/10/19 18:17:17.964
1;AAPL;2025-06-10;200.6000;204.3500;200.5700;202.6700;54672608;2025/10/19 18:17:17.964
1;AAPL;2025-06-09;204.3900;206.0000;200.0200;201.4500;72862557;2025/10/19 18:17:17.964
1;AAPL;2025-06-06;203.0000;205.7000;202.0500;203.9200;46607693;2025/10/19 18:17:17.964
1;AAPL;2025-06-05;203.5000;204.7500;200.1500;200.6300;55221235;2025/10/19 18:17:17.964
1;AAPL;2025-06-04;202.9100;206.2400;202.1000;202.8200;43603985;2025/10/19 18:17:17.964
1;AAPL;2025-06-03;201.3500;203.7700;200.9550;203.2700;46381567;2025/10/19 18:17:17.964
1;AAPL;2025-06-02;200.2800;202.1300;200.1200;201.7000;35423294;2025/10/19 18:17:17.964
1;AAPL;2025-05-30;199.3700;201.9600;196.7800;200.8500;70819942;2025/10/19 18:17:17.964
1;AAPL;2025-05-29;203.5750;203.8100;198.5100;199.9500;51477938;2025/10/19 18:17:17.964
1;AAPL;2025-05-28;200.5900;202.7300;199.9000;200.4200;45339678;2025/10/19 18:17:17.964
4;AMZN;2025-10-17;214.5600;214.8000;211.0300;213.0400;45986944;2025/10/19 18:17:17.964
4;AMZN;2025-10-16;215.6700;218.5900;212.8101;214.4700;42414591;2025/10/19 18:17:17.964
4;AMZN;2025-10-15;216.6200;217.7100;212.6600;215.5700;45909469;2025/10/19 18:17:17.964
4;AMZN;2025-10-14;215.5550;219.3200;212.6000;216.3900;45665580;2025/10/19 18:17:17.964
4;AMZN;2025-10-13;217.7000;220.6800;217.0400;220.0700;37809650;2025/10/19 18:17:17.964
4;AMZN;2025-10-10;226.2100;228.2500;216.0000;216.3700;72367511;2025/10/19 18:17:17.964
4;AMZN;2025-10-09;224.9950;228.2100;221.7500;227.7400;46412122;2025/10/19 18:17:17.964
4;AMZN;2025-10-08;222.9200;226.7300;221.1900;225.2200;46685985;2025/10/19 18:17:17.964
4;AMZN;2025-10-07;220.8800;222.8900;220.1700;221.7800;31194678;2025/10/19 18:17:17.964
4;AMZN;2025-10-06;221.0000;221.7300;216.0300;220.9000;43690876;2025/10/19 18:17:17.964
4;AMZN;2025-10-03;223.4400;224.2000;219.3400;219.5100;43639033;2025/10/19 18:17:17.964
4;AMZN;2025-10-02;221.0100;222.8100;218.9450;222.4100;41258586;2025/10/19 18:17:17.964
4;AMZN;2025-10-01;217.3600;222.1500;216.6100;220.6300;43933834;2025/10/19 18:17:17.964
4;AMZN;2025-09-30;222.0300;222.2400;217.8900;219.5700;48396369;2025/10/19 18:17:17.964
4;AMZN;2025-09-29;220.0800;222.6000;219.3000;222.1700;44259177;2025/10/19 18:17:17.964
4;AMZN;2025-09-26;219.0800;221.0500;218.0200;219.7800;41650098;2025/10/19 18:17:17.964
4;AMZN;2025-09-25;220.0600;220.6700;216.4700;218.1500;52226328;2025/10/19 18:17:17.964
4;AMZN;2025-09-24;224.1500;224.5600;219.4500;220.2100;49509033;2025/10/19 18:17:17.964
4;AMZN;2025-09-23;227.8300;227.8600;220.0700;220.7100;70956193;2025/10/19 18:17:17.964
4;AMZN;2025-09-22;230.5600;230.5650;227.5100;227.6300;45914506;2025/10/19 18:17:17.964
4;AMZN;2025-09-19;232.3700;234.1600;229.7000;231.4800;97943172;2025/10/19 18:17:17.964
4;AMZN;2025-09-18;232.5000;233.4800;228.7900;231.2300;37931738;2025/10/19 18:17:17.964
4;AMZN;2025-09-17;233.7700;234.3000;228.7100;231.6200;42815230;2025/10/19 18:17:17.964
4;AMZN;2025-09-16;232.9350;235.9000;232.2300;234.0500;38203912;2025/10/19 18:17:17.964
4;AMZN;2025-09-15;230.6250;233.7300;230.3200;231.4300;33243328;2025/10/19 18:17:17.964
4;AMZN;2025-09-12;230.3500;230.7900;226.2900;228.1500;38496218;2025/10/19 18:17:17.964
4;AMZN;2025-09-11;231.4900;231.5300;229.3377;229.9500;37485598;2025/10/19 18:17:17.964
4;AMZN;2025-09-10;237.5150;237.6800;229.0962;230.3300;60907714;2025/10/19 18:17:17.964
4;AMZN;2025-09-09;236.3550;238.8500;235.0800;238.2400;27033778;2025/10/19 18:17:17.964
4;AMZN;2025-09-08;234.9400;237.6000;233.7500;235.8400;33947104;2025/10/19 18:17:17.964
4;AMZN;2025-09-05;235.1900;236.0000;231.9300;232.3300;36721802;2025/10/19 18:17:17.964
4;AMZN;2025-09-04;231.1850;235.7700;230.7800;235.6800;59391779;2025/10/19 18:17:17.964
4;AMZN;2025-09-03;225.2100;227.1699;224.3600;225.9900;26355706;2025/10/19 18:17:17.964
4;AMZN;2025-09-02;223.5200;226.1700;221.8300;225.3400;38843883;2025/10/19 18:17:17.964
4;AMZN;2025-08-29;231.3200;231.8125;228.1600;229.0000;26199170;2025/10/19 18:17:17.964
4;AMZN;2025-08-28;229.0050;232.7100;228.0200;231.6000;33679585;2025/10/19 18:17:17.964
4;AMZN;2025-08-27;228.5700;229.8700;227.8100;229.1200;21254479;2025/10/19 18:17:17.964
4;AMZN;2025-08-26;227.1100;229.0000;226.0200;228.7100;26105373;2025/10/19 18:17:17.964
4;AMZN;2025-08-25;227.3500;229.6000;227.3100;227.9400;22633695;2025/10/19 18:17:17.964
4;AMZN;2025-08-22;222.7900;229.1400;220.8200;228.8400;37315341;2025/10/19 18:17:17.964
4;AMZN;2025-08-21;222.6500;222.7800;220.5000;221.9500;32140459;2025/10/19 18:17:17.964
4;AMZN;2025-08-20;227.1200;227.2700;220.9150;223.8100;36604319;2025/10/19 18:17:17.964
4;AMZN;2025-08-19;230.0900;230.5283;227.1200;228.0100;29891012;2025/10/19 18:17:17.964
4;AMZN;2025-08-18;230.2250;231.9100;228.3300;231.4900;25248890;2025/10/19 18:17:17.964
4;AMZN;2025-08-15;232.5800;234.0800;229.8070;231.0300;39649244;2025/10/19 18:17:17.964
4;AMZN;2025-08-14;227.4000;233.1100;227.0200;230.9800;61545824;2025/10/19 18:17:17.964
4;AMZN;2025-08-13;222.0000;224.9185;222.0000;224.5600;36508335;2025/10/19 18:17:17.964
4;AMZN;2025-08-12;222.2300;223.5000;219.0500;221.4700;37254707;2025/10/19 18:17:17.964
4;AMZN;2025-08-11;221.7800;223.0500;220.4000;221.3000;31646222;2025/10/19 18:17:17.964
4;AMZN;2025-08-08;223.1400;223.8000;221.8836;222.6900;32970477;2025/10/19 18:17:17.964
4;AMZN;2025-08-07;221.0000;226.2200;220.8200;223.1300;40603513;2025/10/19 18:17:17.964
4;AMZN;2025-08-06;214.6950;222.6500;213.7409;222.3100;54823045;2025/10/19 18:17:17.964
4;AMZN;2025-08-05;213.0500;216.3000;212.8700;213.7500;51505121;2025/10/19 18:17:17.964
4;AMZN;2025-08-04;217.4000;217.4400;211.4200;211.6500;77890146;2025/10/19 18:17:17.964
4;AMZN;2025-08-01;217.2100;220.4399;212.8000;214.7500;122258801;2025/10/19 18:17:17.964
4;AMZN;2025-07-31;235.7700;236.5300;231.4000;234.1100;104357263;2025/10/19 18:17:17.964
4;AMZN;2025-07-30;231.6400;231.8000;229.2900;230.1900;32993273;2025/10/19 18:17:17.964
4;AMZN;2025-07-29;234.1500;234.7200;230.3100;231.0100;33716220;2025/10/19 18:17:17.964
4;AMZN;2025-07-28;233.3500;234.2900;232.2500;232.7900;26300138;2025/10/19 18:17:17.964
4;AMZN;2025-07-25;232.2200;232.4800;231.1800;231.4400;28712095;2025/10/19 18:17:17.964
4;AMZN;2025-07-24;229.1700;236.0000;228.6400;232.2300;42902266;2025/10/19 18:17:17.964
4;AMZN;2025-07-23;228.4700;228.7900;227.0900;228.2900;28294852;2025/10/19 18:17:17.964
4;AMZN;2025-07-22;229.6800;230.0000;226.3500;227.4700;37483702;2025/10/19 18:17:17.964
4;AMZN;2025-07-21;225.8350;229.6900;225.6500;229.3000;40297556;2025/10/19 18:17:17.964
4;AMZN;2025-07-18;225.1400;226.4000;222.9800;226.1300;37833807;2025/10/19 18:17:17.964
4;AMZN;2025-07-17;223.3200;224.5000;222.5100;223.8800;31855831;2025/10/19 18:17:17.964
4;AMZN;2025-07-16;225.8750;226.1000;222.1800;223.1900;39535926;2025/10/19 18:17:17.964
4;AMZN;2025-07-15;226.2000;227.2700;225.4550;226.3500;34907294;2025/10/19 18:17:17.964
4;AMZN;2025-07-14;225.0700;226.6600;224.2400;225.6900;35702597;2025/10/19 18:17:17.964
4;AMZN;2025-07-11;223.5800;226.6799;222.3700;225.0200;50518307;2025/10/19 18:17:17.964
4;AMZN;2025-07-10;221.5500;222.7900;219.7000;222.2600;30370591;2025/10/19 18:17:17.964
4;AMZN;2025-07-09;221.0700;224.2900;220.4700;222.5400;38155121;2025/10/19 18:17:17.964
4;AMZN;2025-07-08;223.9150;224.0000;218.4300;219.3600;45691987;2025/10/19 18:17:17.964
4;AMZN;2025-07-07;223.0000;224.2900;222.3700;223.4700;36604139;2025/10/19 18:17:17.964
4;AMZN;2025-07-03;221.8200;224.0100;221.3600;223.4100;29632353;2025/10/19 18:17:17.964
4;AMZN;2025-07-02;219.7300;221.6000;219.0600;219.9200;30894178;2025/10/19 18:17:17.964
4;AMZN;2025-07-01;219.5000;221.8750;217.9300;220.4600;39256830;2025/10/19 18:17:17.964
4;AMZN;2025-06-30;223.5200;223.8200;219.1200;219.3900;58887780;2025/10/19 18:17:17.964
4;AMZN;2025-06-27;219.9200;223.3000;216.7400;223.3000;119217138;2025/10/19 18:17:17.964
4;AMZN;2025-06-26;213.1200;218.0350;212.0100;217.1200;50480814;2025/10/19 18:17:17.964
4;AMZN;2025-06-25;214.6150;216.0300;211.1100;211.9900;31755698;2025/10/19 18:17:17.964
4;AMZN;2025-06-24;212.1350;214.3400;211.0450;212.7700;38378757;2025/10/19 18:17:17.964
4;AMZN;2025-06-23;209.7900;210.3900;207.3101;208.4700;37311725;2025/10/19 18:17:17.964
4;AMZN;2025-06-20;214.6800;214.8900;208.2709;209.6900;75350733;2025/10/19 18:17:17.964
4;AMZN;2025-06-18;215.0900;217.9600;212.3400;212.5200;44360509;2025/10/19 18:17:17.964
4;AMZN;2025-06-17;215.1950;217.4100;214.5600;214.8200;32086262;2025/10/19 18:17:17.964
4;AMZN;2025-06-16;212.3100;217.0600;211.6000;216.1000;33284158;2025/10/19 18:17:17.964
4;AMZN;2025-06-13;209.9600;214.0500;209.6200;212.1000;29337763;2025/10/19 18:17:17.964
4;AMZN;2025-06-12;211.7800;213.5800;211.3300;213.2400;27639991;2025/10/19 18:17:17.964
4;AMZN;2025-06-11;217.4100;218.4000;212.8900;213.2000;39325981;2025/10/19 18:17:17.964
4;AMZN;2025-06-10;216.7800;217.6900;214.1500;217.6100;31303317;2025/10/19 18:17:17.964
4;AMZN;2025-06-09;214.7500;217.8500;212.8800;216.9800;38102502;2025/10/19 18:17:17.964
4;AMZN;2025-06-06;212.4000;213.8699;210.5000;213.5700;39832500;2025/10/19 18:17:17.964
4;AMZN;2025-06-05;209.5500;212.8100;207.5600;207.9100;51979243;2025/10/19 18:17:17.964
4;AMZN;2025-06-04;206.5500;208.1800;205.1800;207.2300;29915592;2025/10/19 18:17:17.964
4;AMZN;2025-06-03;207.1050;208.9469;205.0300;205.7100;33139121;2025/10/19 18:17:17.964
4;AMZN;2025-06-02;204.9800;207.0000;202.6800;206.6500;29113319;2025/10/19 18:17:17.964
4;AMZN;2025-05-30;204.8400;205.9900;201.6950;205.0100;51679406;2025/10/19 18:17:17.964
4;AMZN;2025-05-29;208.0250;208.8100;204.2300;205.7000;34700005;2025/10/19 18:17:17.964
4;AMZN;2025-05-28;205.9150;207.6600;204.4100;204.7200;28549753;2025/10/19 18:17:17.964
3;GOOGL;2025-10-17;250.7600;254.2200;247.8100;253.3000;29671629;2025/10/19 18:17:17.964
3;GOOGL;2025-10-16;251.7650;256.9600;250.1010;251.4600;27997159;2025/10/19 18:17:17.964
3;GOOGL;2025-10-15;247.2450;252.1100;245.9900;251.0300;27007690;2025/10/19 18:17:17.964
3;GOOGL;2025-10-14;241.2300;247.1200;240.5100;245.4500;22111572;2025/10/19 18:17:17.964
3;GOOGL;2025-10-13;240.2100;244.5000;239.7100;244.1500;24995028;2025/10/19 18:17:17.964
3;GOOGL;2025-10-10;241.4300;244.0900;235.8400;236.5700;33180323;2025/10/19 18:17:17.964
3;GOOGL;2025-10-09;244.4700;244.7600;239.1500;241.5300;27892086;2025/10/19 18:17:17.964
3;GOOGL;2025-10-08;244.9600;246.0050;243.8200;244.6200;21307104;2025/10/19 18:17:17.964
3;GOOGL;2025-10-07;248.2700;250.4400;245.5200;245.7600;23181285;2025/10/19 18:17:17.964
3;GOOGL;2025-10-06;244.7800;251.3200;244.5800;250.4300;28894653;2025/10/19 18:17:17.964
3;GOOGL;2025-10-03;244.4900;246.3000;241.6550;245.3500;30249559;2025/10/19 18:17:17.964
3;GOOGL;2025-10-02;245.1500;246.8100;242.3000;245.6900;25483298;2025/10/19 18:17:17.964
3;GOOGL;2025-10-01;240.7500;246.3000;238.6100;244.9000;31658234;2025/10/19 18:17:17.964
3;GOOGL;2025-09-30;242.8100;243.2900;239.2450;243.1000;34724346;2025/10/19 18:17:17.964
3;GOOGL;2025-09-29;247.8500;251.1486;242.7700;244.0500;32505777;2025/10/19 18:17:17.964
3;GOOGL;2025-09-26;247.0650;249.4200;245.9700;246.5400;18503194;2025/10/19 18:17:17.964
3;GOOGL;2025-09-25;244.4000;246.4900;240.7400;245.7900;31020383;2025/10/19 18:17:17.964
3;GOOGL;2025-09-24;251.6600;252.3501;246.4400;247.1400;28201003;2025/10/19 18:17:17.964
3;GOOGL;2025-09-23;253.0400;254.3600;250.4800;251.6600;26628016;2025/10/19 18:17:17.964
3;GOOGL;2025-09-22;254.4300;255.7800;250.3000;252.5300;32290538;2025/10/19 18:17:17.964
3;GOOGL;2025-09-19;253.2500;256.0000;251.8100;254.7200;55571424;2025/10/19 18:17:17.964
3;GOOGL;2025-09-18;251.6800;253.9900;249.8000;252.0300;31239474;2025/10/19 18:17:17.964
3;GOOGL;2025-09-17;251.2200;251.6000;246.2800;249.5300;34107992;2025/10/19 18:17:17.964
3;GOOGL;2025-09-16;252.0800;253.0400;249.4700;251.1600;34109720;2025/10/19 18:17:17.964
3;GOOGL;2025-09-15;244.6600;252.4099;244.6600;251.6100;58383796;2025/10/19 18:17:17.964
3;GOOGL;2025-09-12;240.3700;242.0750;238.0000;240.8000;26771610;2025/10/19 18:17:17.964
3;GOOGL;2025-09-11;239.8800;242.2500;236.2500;240.3700;30599328;2025/10/19 18:17:17.964
3;GOOGL;2025-09-10;238.9000;241.6600;237.8500;239.1700;35141074;2025/10/19 18:17:17.964
3;GOOGL;2025-09-09;234.1650;240.4700;233.2290;239.6300;38060959;2025/10/19 18:17:17.964
3;GOOGL;2025-09-08;235.4700;238.1300;233.6700;234.0400;32474743;2025/10/19 18:17:17.964
3;GOOGL;2025-09-05;232.2000;235.7600;231.9000;235.0000;46588925;2025/10/19 18:17:17.964
3;GOOGL;2025-09-04;229.6500;232.3700;226.1100;232.3000;51684167;2025/10/19 18:17:17.964
3;GOOGL;2025-09-03;226.2100;231.3100;224.7900;230.6600;102090277;2025/10/19 18:17:17.964
3;GOOGL;2025-09-02;208.4400;211.6750;206.1950;211.3500;47523037;2025/10/19 18:17:17.964
3;GOOGL;2025-08-29;210.5100;214.6450;210.2000;212.9100;39728364;2025/10/19 18:17:17.964
3;GOOGL;2025-08-28;207.2500;212.2200;206.9000;211.6400;32339307;2025/10/19 18:17:17.964
3;GOOGL;2025-08-27;205.7000;208.9100;205.6500;207.4800;23022850;2025/10/19 18:17:17.964
3;GOOGL;2025-08-26;207.5100;207.8500;205.7000;207.1400;28464130;2025/10/19 18:17:17.964
3;GOOGL;2025-08-25;206.4300;210.5200;205.2800;208.4900;29928878;2025/10/19 18:17:17.964
3;GOOGL;2025-08-22;202.7300;208.5400;201.3000;206.0900;42827040;2025/10/19 18:17:17.964
3;GOOGL;2025-08-21;199.7450;202.4800;199.4300;199.7500;19774633;2025/10/19 18:17:17.964
3;GOOGL;2025-08-20;200.7300;201.2800;196.5950;199.3200;28955498;2025/10/19 18:17:17.964
3;GOOGL;2025-08-19;203.0300;203.4400;199.9600;201.5700;24240233;2025/10/19 18:17:17.964
3;GOOGL;2025-08-18;204.2000;205.2650;202.4900;203.5000;18526594;2025/10/19 18:17:17.964
3;GOOGL;2025-08-15;203.8500;206.4400;201.2800;203.9000;34931422;2025/10/19 18:17:17.964
3;GOOGL;2025-08-14;201.5000;204.4400;201.2250;202.9400;25230427;2025/10/19 18:17:17.964
3;GOOGL;2025-08-13;204.1300;204.5300;197.5101;201.9600;28342922;2025/10/19 18:17:17.964
3;GOOGL;2025-08-12;201.3650;204.5000;200.5900;203.3400;30424452;2025/10/19 18:17:17.964
3;GOOGL;2025-08-11;200.9350;201.4750;199.0700;201.0000;25832435;2025/10/19 18:17:17.964
3;GOOGL;2025-08-08;197.2200;202.6100;197.1700;201.4200;39161826;2025/10/19 18:17:17.964
3;GOOGL;2025-08-07;197.0600;197.5400;194.3300;196.5200;26321811;2025/10/19 18:17:17.964
3;GOOGL;2025-08-06;194.5000;196.6300;193.6700;196.0900;21562908;2025/10/19 18:17:17.964
3;GOOGL;2025-08-05;194.7100;197.8599;193.8850;194.6700;31602340;2025/10/19 18:17:17.964
3;GOOGL;2025-08-04;190.2900;195.2700;190.1200;195.0400;31547350;2025/10/19 18:17:17.964
3;GOOGL;2025-08-01;189.0250;190.8300;187.8200;189.1300;34832181;2025/10/19 18:17:17.964
3;GOOGL;2025-07-31;195.7100;195.9900;191.0900;191.9000;51329163;2025/10/19 18:17:17.964
3;GOOGL;2025-07-30;195.6000;197.5999;194.6850;196.5300;32445405;2025/10/19 18:17:17.964
3;GOOGL;2025-07-29;192.4300;195.9200;192.0800;195.7500;41389153;2025/10/19 18:17:17.964
3;GOOGL;2025-07-28;193.6500;194.0500;190.8400;192.5800;38139504;2025/10/19 18:17:17.964
3;GOOGL;2025-07-25;191.9800;194.3300;191.2600;193.1800;39785863;2025/10/19 18:17:17.964
3;GOOGL;2025-07-24;197.0300;197.9500;191.0000;192.1700;74881687;2025/10/19 18:17:17.964
3;GOOGL;2025-07-23;191.5000;192.5300;189.1800;190.2300;58681948;2025/10/19 18:17:17.964
3;GOOGL;2025-07-22;191.4950;191.6450;187.4600;191.3400;44660215;2025/10/19 18:17:17.964
3;GOOGL;2025-07-21;186.2500;190.2850;186.1500;190.1000;45803129;2025/10/19 18:17:17.964
3;GOOGL;2025-07-18;185.4000;186.4200;183.7100;185.0600;34014509;2025/10/19 18:17:17.964
3;GOOGL;2025-07-17;182.1400;184.0600;180.4800;183.5800;31992565;2025/10/19 18:17:17.964
3;GOOGL;2025-07-16;183.2350;184.3270;182.0300;182.9700;33104193;2025/10/19 18:17:17.964
3;GOOGL;2025-07-15;182.8100;184.2200;181.6000;182.0000;33448251;2025/10/19 18:17:17.964
3;GOOGL;2025-07-14;181.0100;183.6700;179.6800;181.5600;32536632;2025/10/19 18:17:17.964
3;GOOGL;2025-07-11;176.7850;181.4300;176.4800;180.1900;34282922;2025/10/19 18:17:17.964
3;GOOGL;2025-07-10;175.6300;178.4290;174.3800;177.6200;29252386;2025/10/19 18:17:17.964
3;GOOGL;2025-07-09;175.2500;179.4400;172.7700;176.6200;43025594;2025/10/19 18:17:17.964
3;GOOGL;2025-07-08;177.8500;177.9500;172.8100;174.3600;40442535;2025/10/19 18:17:17.964
3;GOOGL;2025-07-07;179.0600;179.2970;175.6800;176.7900;34175648;2025/10/19 18:17:17.964
3;GOOGL;2025-07-03;178.5000;179.6700;177.0500;179.5300;21689729;2025/10/19 18:17:17.964
3;GOOGL;2025-07-02;175.5400;178.8600;175.0700;178.6400;29128947;2025/10/19 18:17:17.964
3;GOOGL;2025-07-01;175.7350;176.0900;173.5300;175.8400;35904526;2025/10/19 18:17:17.964
3;GOOGL;2025-06-30;180.7800;181.2300;174.5800;176.2300;63378856;2025/10/19 18:17:17.964
3;GOOGL;2025-06-27;173.5400;178.6800;171.7300;178.5300;108140200;2025/10/19 18:17:17.964
3;GOOGL;2025-06-26;172.4300;173.6900;169.9400;173.5400;31796690;2025/10/19 18:17:17.964
3;GOOGL;2025-06-25;167.6300;172.3600;167.5500;170.6800;35478989;2025/10/19 18:17:17.964
3;GOOGL;2025-06-24;166.9200;168.2200;166.1300;166.7700;40524312;2025/10/19 18:17:17.964
3;GOOGL;2025-06-23;166.2700;167.3400;162.0000;165.1900;57670985;2025/10/19 18:17:17.964
3;GOOGL;2025-06-20;173.9450;174.3400;165.4600;166.6400;75659917;2025/10/19 18:17:17.964
3;GOOGL;2025-06-18;176.0100;176.5600;173.2000;173.3200;28707524;2025/10/19 18:17:17.964
3;GOOGL;2025-06-17;175.7000;177.3648;174.5800;175.9500;24973043;2025/10/19 18:17:17.964
3;GOOGL;2025-06-16;174.7300;176.9400;174.6500;176.7700;27389208;2025/10/19 18:17:17.964
3;GOOGL;2025-06-13;172.4400;177.1300;172.3850;174.6700;27663107;2025/10/19 18:17:17.964
3;GOOGL;2025-06-12;176.1800;176.7200;174.7450;175.7000;20941873;2025/10/19 18:17:17.964
3;GOOGL;2025-06-11;179.7700;180.3700;176.7500;177.3500;31646757;2025/10/19 18:17:17.964
3;GOOGL;2025-06-10;176.2000;181.1050;174.9100;178.6000;61766121;2025/10/19 18:17:17.964
3;GOOGL;2025-06-09;174.5400;176.4700;174.3700;176.0900;28935906;2025/10/19 18:17:17.964
3;GOOGL;2025-06-06;170.8300;174.5000;170.8300;173.6800;35731832;2025/10/19 18:17:17.964
3;GOOGL;2025-06-05;170.3400;170.9300;167.5900;168.2100;36444564;2025/10/19 18:17:17.964
3;GOOGL;2025-06-04;166.7350;168.2150;166.3600;168.0500;26900838;2025/10/19 18:17:17.964
3;GOOGL;2025-06-03;167.4900;168.4750;165.2800;166.1800;45084903;2025/10/19 18:17:17.964
3;GOOGL;2025-06-02;167.8400;169.8700;167.3900;169.0300;38612272;2025/10/19 18:17:17.964
3;GOOGL;2025-05-30;171.3500;172.2050;167.4400;171.7400;52639911;2025/10/19 18:17:17.964
3;GOOGL;2025-05-29;174.0000;174.4193;170.6300;171.8600;29373803;2025/10/19 18:17:17.964
3;GOOGL;2025-05-28;173.1600;175.2650;171.9107;172.3600;34783997;2025/10/19 18:17:17.964
11;IBM;2025-10-17;276.1500;283.4000;275.3500;281.2800;5309565;2025/10/19 18:17:17.964
11;IBM;2025-10-16;281.1100;282.5600;275.6000;275.9700;2956923;2025/10/19 18:17:17.964
11;IBM;2025-10-15;278.3800;285.4500;277.0000;280.7500;3346753;2025/10/19 18:17:17.964
11;IBM;2025-10-14;275.5200;277.5300;272.5469;276.1500;3058149;2025/10/19 18:17:17.964
11;IBM;2025-10-13;279.7900;282.4399;274.6400;277.2200;4333836;2025/10/19 18:17:17.964
11;IBM;2025-10-10;288.9700;290.3850;277.5000;277.8200;4508506;2025/10/19 18:17:17.964
11;IBM;2025-10-09;289.8200;290.1300;283.3200;288.2300;4912375;2025/10/19 18:17:17.964
11;IBM;2025-10-08;294.1600;294.2000;286.4730;289.4600;5297030;2025/10/19 18:17:17.964
11;IBM;2025-10-07;295.5500;301.0425;293.2850;293.8700;7190126;2025/10/19 18:17:17.964
11;IBM;2025-10-06;288.6100;291.4500;287.8000;289.4200;2881947;2025/10/19 18:17:17.964
11;IBM;2025-10-03;287.5000;293.3200;287.3000;288.3700;4375082;2025/10/19 18:17:17.964
11;IBM;2025-10-02;285.7900;288.5400;282.7900;286.7200;3814232;2025/10/19 18:17:17.964
11;IBM;2025-10-01;280.2000;286.5900;280.1500;286.4900;4381338;2025/10/19 18:17:17.964
11;IBM;2025-09-30;280.8800;286.0250;280.5200;282.1600;5926924;2025/10/19 18:17:17.964
11;IBM;2025-09-29;286.0000;286.0000;279.6600;279.8000;6022125;2025/10/19 18:17:17.964
11;IBM;2025-09-26;280.5100;288.8500;280.1100;284.3100;9063938;2025/10/19 18:17:17.964
11;IBM;2025-09-25;272.9350;284.2300;271.1480;281.4400;11506192;2025/10/19 18:17:17.964
11;IBM;2025-09-24;272.6200;273.6499;267.3000;267.5300;3159924;2025/10/19 18:17:17.964
11;IBM;2025-09-23;272.7000;273.2962;269.2650;272.2400;5394121;2025/10/19 18:17:17.964
11;IBM;2025-09-22;266.6200;272.3100;266.0000;271.3700;5030540;2025/10/19 18:17:17.964
11;IBM;2025-09-19;266.0500;267.8700;263.6400;266.4000;9858112;2025/10/19 18:17:17.964
11;IBM;2025-09-18;258.8600;265.2300;256.8004;265.0000;4988421;2025/10/19 18:17:17.964
11;IBM;2025-09-17;257.4950;260.9644;257.0100;259.0800;3974785;2025/10/19 18:17:17.964
11;IBM;2025-09-16;256.2600;258.0000;254.4100;257.5200;2719918;2025/10/19 18:17:17.964
11;IBM;2025-09-15;254.0200;259.0500;254.0000;256.2400;4028365;2025/10/19 18:17:17.964
11;IBM;2025-09-12;256.9500;257.2500;252.4250;253.4400;3433300;2025/10/19 18:17:17.964
11;IBM;2025-09-11;257.5600;258.5450;255.6550;257.0100;3576048;2025/10/19 18:17:17.964
11;IBM;2025-09-10;259.6500;260.0800;254.5600;256.8800;5185420;2025/10/19 18:17:17.964
11;IBM;2025-09-09;256.1200;260.6600;254.8800;259.1100;4931105;2025/10/19 18:17:17.964
11;IBM;2025-09-08;248.6300;257.1500;247.0200;256.0900;6940270;2025/10/19 18:17:17.964
11;IBM;2025-09-05;248.2300;249.0300;245.4500;248.5300;3147478;2025/10/19 18:17:17.964
11;IBM;2025-09-04;245.4200;249.2800;242.8500;247.1800;4765087;2025/10/19 18:17:17.964
11;IBM;2025-09-03;240.0200;244.2500;239.4100;244.1000;3156289;2025/10/19 18:17:17.964
11;IBM;2025-09-02;240.9000;241.5500;238.2500;241.5000;3469501;2025/10/19 18:17:17.964
11;IBM;2025-08-29;245.2300;245.4599;241.7200;243.4900;2967558;2025/10/19 18:17:17.964
11;IBM;2025-08-28;245.4300;245.8800;243.3600;245.7300;2820817;2025/10/19 18:17:17.964
11;IBM;2025-08-27;242.8700;245.9600;242.0000;244.8400;3698372;2025/10/19 18:17:17.964
11;IBM;2025-08-26;241.0200;244.9800;240.3800;242.6300;5386582;2025/10/19 18:17:17.964
11;IBM;2025-08-25;242.5650;242.5650;239.4300;239.4300;3513327;2025/10/19 18:17:17.964
11;IBM;2025-08-22;240.7400;243.6800;240.2200;242.0900;3134882;2025/10/19 18:17:17.964
11;IBM;2025-08-21;242.2100;242.5000;238.6500;239.4000;2991902;2025/10/19 18:17:17.964
11;IBM;2025-08-20;242.1100;242.8800;240.3400;242.5500;3240064;2025/10/19 18:17:17.964
11;IBM;2025-08-19;240.0000;242.8300;239.4900;241.2800;3328305;2025/10/19 18:17:17.964
11;IBM;2025-08-18;239.5700;241.4200;239.1158;239.4500;3569594;2025/10/19 18:17:17.964
11;IBM;2025-08-15;237.6100;240.6200;236.7700;239.7200;4344322;2025/10/19 18:17:17.964
11;IBM;2025-08-14;238.2500;239.0000;235.6200;237.1100;4556725;2025/10/19 18:17:17.964
11;IBM;2025-08-13;236.2000;240.8411;236.2000;240.0700;5663562;2025/10/19 18:17:17.964
11;IBM;2025-08-12;236.5300;237.9600;233.3600;234.7700;8800597;2025/10/19 18:17:17.964
11;IBM;2025-08-11;242.2400;243.1500;234.7000;236.3000;9381960;2025/10/19 18:17:17.964
11;IBM;2025-08-08;248.8800;249.4800;241.6500;242.2700;6828390;2025/10/19 18:17:17.964
11;IBM;2025-08-07;252.8100;255.0000;248.8750;250.1600;6251285;2025/10/19 18:17:17.964
11;IBM;2025-08-06;251.5300;254.3200;249.2800;252.2800;3692105;2025/10/19 18:17:17.964
11;IBM;2025-08-05;252.0000;252.8000;248.9950;250.6700;5823016;2025/10/19 18:17:17.964
11;IBM;2025-08-04;251.0500;252.0800;248.1100;251.9800;5280588;2025/10/19 18:17:17.964
11;IBM;2025-08-01;251.4050;251.4791;245.6100;250.0500;9683404;2025/10/19 18:17:17.964
11;IBM;2025-07-31;259.5700;259.9900;252.2200;253.1500;6739092;2025/10/19 18:17:17.964
11;IBM;2025-07-30;261.6000;262.0000;258.9000;260.2600;3718290;2025/10/19 18:17:17.964
11;IBM;2025-07-29;264.3000;265.7999;261.0200;262.4100;4627265;2025/10/19 18:17:17.964
11;IBM;2025-07-28;260.3000;264.0000;259.6100;263.2100;5192516;2025/10/19 18:17:17.964
11;IBM;2025-07-25;260.0200;260.8000;256.3500;259.7200;7758653;2025/10/19 18:17:17.964
11;IBM;2025-07-24;261.2500;262.0486;252.7500;260.5100;22647720;2025/10/19 18:17:17.964
11;IBM;2025-07-23;284.3000;288.0800;281.4400;282.0100;8105906;2025/10/19 18:17:17.964
11;IBM;2025-07-22;284.7400;284.8800;281.2500;281.9600;4824219;2025/10/19 18:17:17.964
11;IBM;2025-07-21;286.2900;287.7300;284.3800;284.7100;3051791;2025/10/19 18:17:17.964
11;IBM;2025-07-18;283.3800;287.1600;282.2200;285.8700;4478165;2025/10/19 18:17:17.964
11;IBM;2025-07-17;281.5000;283.4566;280.9000;282.0000;3337168;2025/10/19 18:17:17.964
11;IBM;2025-07-16;282.7500;283.8700;279.8700;281.9200;2804831;2025/10/19 18:17:17.964
11;IBM;2025-07-15;283.7700;284.1550;280.7301;282.7000;2864106;2025/10/19 18:17:17.964
11;IBM;2025-07-14;282.8300;284.9250;281.7100;283.7900;2857401;2025/10/19 18:17:17.964
11;IBM;2025-07-11;285.0100;287.4300;282.9200;283.5900;3790679;2025/10/19 18:17:17.964
11;IBM;2025-07-10;288.9000;288.9000;282.2100;287.4300;3489068;2025/10/19 18:17:17.964
11;IBM;2025-07-09;291.3900;291.6000;288.6300;290.1400;2971309;2025/10/19 18:17:17.964
11;IBM;2025-07-08;293.1000;295.6100;289.4900;290.4200;2925329;2025/10/19 18:17:17.964
11;IBM;2025-07-07;292.5000;295.2199;290.3607;292.4700;4488064;2025/10/19 18:17:17.964
11;IBM;2025-07-03;287.9400;292.3200;287.9000;291.9700;1853289;2025/10/19 18:17:17.964
11;IBM;2025-07-02;290.0000;290.1900;286.9000;287.6500;3257515;2025/10/19 18:17:17.964
11;IBM;2025-07-01;294.5500;295.1081;290.0800;291.2000;3272797;2025/10/19 18:17:17.964
11;IBM;2025-06-30;290.9300;294.8100;290.0000;294.7800;3495386;2025/10/19 18:17:17.964
11;IBM;2025-06-27;292.9700;293.1200;288.5200;289.7000;3562501;2025/10/19 18:17:17.964
11;IBM;2025-06-26;291.8000;292.9100;290.1650;291.9300;3621110;2025/10/19 18:17:17.964
11;IBM;2025-06-25;294.4900;296.1600;289.5000;291.0600;3862309;2025/10/19 18:17:17.964
11;IBM;2025-06-24;290.4600;294.3399;288.4100;293.7900;4219120;2025/10/19 18:17:17.964
11;IBM;2025-06-23;281.6500;289.5800;280.2100;289.1800;3786159;2025/10/19 18:17:17.964
11;IBM;2025-06-20;279.2800;284.1200;277.2000;280.9700;7676962;2025/10/19 18:17:17.964
11;IBM;2025-06-18;285.0000;286.9100;282.9400;283.2100;3534110;2025/10/19 18:17:17.964
11;IBM;2025-06-17;281.1500;284.7899;281.0001;283.0500;3069556;2025/10/19 18:17:17.964
11;IBM;2025-06-16;279.3050;284.5000;278.6657;281.8300;3685321;2025/10/19 18:17:17.964
11;IBM;2025-06-13;278.2050;279.8400;275.8300;277.2200;3243824;2025/10/19 18:17:17.964
11;IBM;2025-06-12;281.5300;283.0600;279.8300;281.0300;3418007;2025/10/19 18:17:17.964
11;IBM;2025-06-11;276.7000;281.7500;275.1100;281.5200;4656034;2025/10/19 18:17:17.964
11;IBM;2025-06-10;273.1900;277.4700;272.5600;276.2400;5163507;2025/10/19 18:17:17.964
11;IBM;2025-06-09;268.1000;273.4700;266.7100;272.0800;4331464;2025/10/19 18:17:17.964
11;IBM;2025-06-06;267.9900;270.1700;267.5300;268.8700;2495543;2025/10/19 18:17:17.964
11;IBM;2025-06-05;265.2000;267.5100;265.1000;266.8600;2659478;2025/10/19 18:17:17.964
11;IBM;2025-06-04;264.9000;267.0000;264.7900;265.5200;2588741;2025/10/19 18:17:17.964
11;IBM;2025-06-03;263.3500;265.5600;262.5800;265.2000;2494922;2025/10/19 18:17:17.964
11;IBM;2025-06-02;257.8500;263.9760;257.2200;263.9000;2831881;2025/10/19 18:17:17.964
11;IBM;2025-05-30;258.7500;260.1200;257.1000;259.0600;9668923;2025/10/19 18:17:17.964
11;IBM;2025-05-29;260.7500;261.1300;256.7700;258.6900;2295228;2025/10/19 18:17:17.964
11;IBM;2025-05-28;263.1600;265.0000;259.9400;260.2400;2318437;2025/10/19 18:17:17.964
8;JPM;2025-10-17;299.1600;299.5500;294.2000;297.5600;10153454;2025/10/19 18:17:17.964
8;JPM;2025-10-16;305.3500;308.6799;297.0700;298.5400;10549447;2025/10/19 18:17:17.964
8;JPM;2025-10-15;306.3900;312.1199;305.4400;305.6900;11354778;2025/10/19 18:17:17.964
8;JPM;2025-10-14;305.8400;307.0000;294.2100;302.0800;16178755;2025/10/19 18:17:17.964
8;JPM;2025-10-13;305.6000;309.4600;305.4500;307.9700;10788680;2025/10/19 18:17:17.964
8;JPM;2025-10-10;305.6600;310.4700;300.8100;300.8900;8597384;2025/10/19 18:17:17.964
8;JPM;2025-10-09;305.0500;308.0350;303.3947;305.5300;7060332;2025/10/19 18:17:17.964
8;JPM;2025-10-08;308.2100;308.7832;303.5500;304.0300;6489883;2025/10/19 18:17:17.964
8;JPM;2025-10-07;309.3500;310.0100;304.7000;307.6900;8454217;2025/10/19 18:17:17.964
8;JPM;2025-10-06;310.1800;311.7474;305.1301;309.1800;7214502;2025/10/19 18:17:17.964
8;JPM;2025-10-03;308.5100;311.6600;308.2100;310.0300;6029854;2025/10/19 18:17:17.964
8;JPM;2025-10-02;310.0000;310.5600;306.1400;307.5500;7599973;2025/10/19 18:17:17.964
8;JPM;2025-10-01;313.9700;314.5900;307.4100;310.7100;9235211;2025/10/19 18:17:17.964
8;JPM;2025-09-30;316.2500;317.4100;310.1100;315.4300;11823315;2025/10/19 18:17:17.964
8;JPM;2025-09-29;317.0600;318.0100;313.6600;315.6900;6462442;2025/10/19 18:17:17.964
8;JPM;2025-09-26;314.9000;317.8100;313.7040;316.0600;7258136;2025/10/19 18:17:17.964
8;JPM;2025-09-25;314.1200;315.6500;311.8000;313.4500;7083198;2025/10/19 18:17:17.964
8;JPM;2025-09-24;314.0500;316.5773;311.6650;313.4200;7310513;2025/10/19 18:17:17.964
8;JPM;2025-09-23;311.8150;316.3141;310.5800;312.7400;8584420;2025/10/19 18:17:17.964
8;JPM;2025-09-22;309.8000;313.7000;309.5550;312.4400;7520190;2025/10/19 18:17:17.964
8;JPM;2025-09-19;313.6000;315.8000;309.1200;314.7800;23568551;2025/10/19 18:17:17.964
8;JPM;2025-09-18;311.7900;313.4400;309.6100;313.2300;8050671;2025/10/19 18:17:17.964
8;JPM;2025-09-17;310.3900;312.9100;308.7722;311.7500;8657765;2025/10/19 18:17:17.964
8;JPM;2025-09-16;310.0000;310.9000;307.1347;309.1900;10525594;2025/10/19 18:17:17.964
8;JPM;2025-09-15;307.1700;309.9500;307.1700;308.9000;7122015;2025/10/19 18:17:17.964
8;JPM;2025-09-12;305.0000;307.5500;303.6950;306.9100;6846674;2025/10/19 18:17:17.964
8;JPM;2025-09-11;301.2400;305.7300;300.7925;305.5600;7942489;2025/10/19 18:17:17.964
8;JPM;2025-09-10;296.7000;301.5400;295.4000;300.5400;7787303;2025/10/19 18:17:17.964
8;JPM;2025-09-09;292.6000;299.0000;292.3100;297.8500;7848196;2025/10/19 18:17:17.964
8;JPM;2025-09-08;294.8900;296.4600;291.4400;292.9100;8188506;2025/10/19 18:17:17.964
8;JPM;2025-09-05;303.6500;305.1500;294.3100;294.3800;9837709;2025/10/19 18:17:17.964
8;JPM;2025-09-04;300.0000;304.4300;298.2800;303.8200;6605797;2025/10/19 18:17:17.964
8;JPM;2025-09-03;300.5700;300.5700;296.3800;299.5100;6173800;2025/10/19 18:17:17.964
8;JPM;2025-09-02;300.2600;300.4550;294.5000;299.7000;7221855;2025/10/19 18:17:17.964
8;JPM;2025-08-29;302.0400;302.9500;299.7300;301.4200;6796380;2025/10/19 18:17:17.964
8;JPM;2025-08-28;300.0250;301.2399;298.7000;301.0700;6410535;2025/10/19 18:17:17.964
8;JPM;2025-08-27;297.2500;301.0700;297.0400;299.2800;6056513;2025/10/19 18:17:17.964
8;JPM;2025-08-26;294.1600;298.7400;293.5001;298.5700;6714749;2025/10/19 18:17:17.964
8;JPM;2025-08-25;296.2400;297.3475;294.1400;294.9000;5856258;2025/10/19 18:17:17.964
8;JPM;2025-08-22;293.2000;297.1600;290.1300;296.2400;8552847;2025/10/19 18:17:17.964
8;JPM;2025-08-21;291.9400;292.7661;289.4725;291.4700;6624161;2025/10/19 18:17:17.964
8;JPM;2025-08-20;290.8100;293.3300;287.2700;292.2400;7374244;2025/10/19 18:17:17.964
8;JPM;2025-08-19;290.8300;292.4800;289.5300;290.6600;6031520;2025/10/19 18:17:17.964
8;JPM;2025-08-18;290.0000;291.9000;288.4100;291.5300;5386856;2025/10/19 18:17:17.964
8;JPM;2025-08-15;294.8400;295.5000;289.8200;290.4900;7340518;2025/10/19 18:17:17.964
8;JPM;2025-08-14;290.5800;294.2000;289.6391;294.1600;6322381;2025/10/19 18:17:17.964
8;JPM;2025-08-13;293.9500;294.5500;287.1600;290.5300;8420407;2025/10/19 18:17:17.964
8;JPM;2025-08-12;291.5000;294.7500;290.3400;292.8500;8572034;2025/10/19 18:17:17.964
8;JPM;2025-08-11;289.4000;291.3200;288.7800;289.5600;5510113;2025/10/19 18:17:17.964
8;JPM;2025-08-08;288.9800;291.2300;284.7060;288.7600;6634506;2025/10/19 18:17:17.964
8;JPM;2025-08-07;292.9400;293.4600;286.4100;286.9400;8057109;2025/10/19 18:17:17.964
8;JPM;2025-08-06;292.3000;293.2900;290.1600;291.3500;6330155;2025/10/19 18:17:17.964
8;JPM;2025-08-05;294.6900;295.7850;287.2400;291.3700;7182333;2025/10/19 18:17:17.964
8;JPM;2025-08-04;290.2600;294.3200;290.2600;294.2600;6649542;2025/10/19 18:17:17.964
8;JPM;2025-08-01;290.4000;291.7950;284.2376;289.3700;12007111;2025/10/19 18:17:17.964
8;JPM;2025-07-31;299.1400;300.9750;295.5000;296.2400;14749652;2025/10/19 18:17:17.964
8;JPM;2025-07-30;297.4200;300.6100;297.3800;299.6300;8061742;2025/10/19 18:17:17.964
8;JPM;2025-07-29;300.0000;301.2931;296.2000;297.0400;7635719;2025/10/19 18:17:17.964
8;JPM;2025-07-28;297.6600;299.4300;296.8200;298.2800;5840417;2025/10/19 18:17:17.964
8;JPM;2025-07-25;296.7000;298.9000;295.9550;298.6200;5918875;2025/10/19 18:17:17.964
8;JPM;2025-07-24;297.4200;299.5899;296.2000;296.5500;7001242;2025/10/19 18:17:17.964
8;JPM;2025-07-23;292.8400;296.9900;292.5500;296.7600;7083510;2025/10/19 18:17:17.964
8;JPM;2025-07-22;291.5000;293.6250;289.1800;291.4300;6717461;2025/10/19 18:17:17.964
8;JPM;2025-07-21;291.0000;294.1800;290.5800;290.9700;7898141;2025/10/19 18:17:17.964
8;JPM;2025-07-18;289.5200;292.5000;288.2300;291.2700;12217018;2025/10/19 18:17:17.964
8;JPM;2025-07-17;283.4400;290.2965;283.4400;289.9000;8509504;2025/10/19 18:17:17.964
8;JPM;2025-07-16;288.4000;290.7300;283.0100;285.8200;9979768;2025/10/19 18:17:17.964
8;JPM;2025-07-15;288.0000;291.9500;285.4800;286.5500;12526110;2025/10/19 18:17:17.964
8;JPM;2025-07-14;287.0700;289.3000;285.2556;288.7000;9079941;2025/10/19 18:17:17.964
8;JPM;2025-07-11;285.5200;287.3800;283.6550;286.8600;7384674;2025/10/19 18:17:17.964
8;JPM;2025-07-10;283.0000;288.3100;283.0000;288.1900;8413847;2025/10/19 18:17:17.964
8;JPM;2025-07-09;287.1800;287.1950;282.4800;283.1600;11273801;2025/10/19 18:17:17.964
8;JPM;2025-07-08;289.2750;289.7000;280.3100;282.7800;15440856;2025/10/19 18:17:17.964
8;JPM;2025-07-07;295.2500;296.0400;290.0800;291.9700;8825732;2025/10/19 18:17:17.964
8;JPM;2025-07-03;292.1500;296.4000;291.2100;296.0000;6541646;2025/10/19 18:17:17.964
8;JPM;2025-07-02;292.0400;292.8220;289.7000;292.0000;8158692;2025/10/19 18:17:17.964
8;JPM;2025-07-01;290.8900;291.1300;286.5900;290.4100;9338260;2025/10/19 18:17:17.964
8;JPM;2025-06-30;290.4000;292.6500;288.9200;289.9100;12689156;2025/10/19 18:17:17.964
8;JPM;2025-06-27;285.8100;288.6962;285.0400;287.1100;17868633;2025/10/19 18:17:17.964
8;JPM;2025-06-26;284.7000;289.4100;284.4700;288.7500;8942062;2025/10/19 18:17:17.964
8;JPM;2025-06-25;281.5000;284.2800;280.9100;284.0600;6826901;2025/10/19 18:17:17.964
8;JPM;2025-06-24;280.2100;282.7150;279.5100;281.2600;9267941;2025/10/19 18:17:17.964
8;JPM;2025-06-23;275.0600;278.5500;272.1128;278.2700;8094559;2025/10/19 18:17:17.964
8;JPM;2025-06-20;275.5700;277.3000;273.8119;275.0000;13969674;2025/10/19 18:17:17.964
8;JPM;2025-06-18;270.0000;277.7200;269.7200;273.9600;9586440;2025/10/19 18:17:17.964
8;JPM;2025-06-17;268.1700;270.5900;267.8000;269.5200;6739262;2025/10/19 18:17:17.964
8;JPM;2025-06-16;267.0000;271.7300;266.8500;270.3600;8566019;2025/10/19 18:17:17.964
8;JPM;2025-06-13;265.0800;267.0200;262.7100;264.9500;7098265;2025/10/19 18:17:17.964
8;JPM;2025-06-12;266.8600;268.2900;265.1400;268.2400;6618026;2025/10/19 18:17:17.964
8;JPM;2025-06-11;268.6800;269.6199;265.7862;268.1500;7434064;2025/10/19 18:17:17.964
8;JPM;2025-06-10;265.8800;268.9000;265.8500;268.6000;7538135;2025/10/19 18:17:17.964
8;JPM;2025-06-09;266.0000;267.9000;263.3500;266.7400;8285364;2025/10/19 18:17:17.964
8;JPM;2025-06-06;264.3300;266.6500;264.2600;265.7300;7738134;2025/10/19 18:17:17.964
8;JPM;2025-06-05;264.7400;264.7400;260.3100;261.9500;8179258;2025/10/19 18:17:17.964
8;JPM;2025-06-04;265.9200;267.1200;264.1800;264.2200;5915710;2025/10/19 18:17:17.964
8;JPM;2025-06-03;263.7300;266.5800;262.8800;266.2700;6998383;2025/10/19 18:17:17.964
8;JPM;2025-06-02;263.0200;265.0300;261.9000;264.6600;6011165;2025/10/19 18:17:17.964
8;JPM;2025-05-30;263.4500;265.3300;262.7250;264.0000;10977662;2025/10/19 18:17:17.964
8;JPM;2025-05-29;264.8000;265.4099;262.5300;264.3700;5081992;2025/10/19 18:17:17.964
8;JPM;2025-05-28;266.2400;266.7200;262.9000;263.4900;5535408;2025/10/19 18:17:17.964
6;META;2025-10-17;707.0750;718.5400;706.1200;716.9150;12232441;2025/10/19 18:17:17.964
6;META;2025-10-16;717.5500;725.4900;703.8800;712.0700;9017010;2025/10/19 18:17:17.964
6;META;2025-10-15;717.0600;723.9000;709.5100;717.5500;10246766;2025/10/19 18:17:17.964
6;META;2025-10-14;707.7800;715.5500;699.3300;708.6500;8829757;2025/10/19 18:17:17.964
6;META;2025-10-13;713.0100;719.9400;707.6413;715.7000;9251796;2025/10/19 18:17:17.964
6;META;2025-10-10;730.9200;735.2700;704.5100;705.3000;16980091;2025/10/19 18:17:17.964
6;META;2025-10-09;718.2750;733.5100;712.4400;733.5100;12717172;2025/10/19 18:17:17.964
6;META;2025-10-08;713.4500;719.6500;707.8100;717.8400;10790571;2025/10/19 18:17:17.964
6;META;2025-10-07;717.7200;718.4999;705.7500;713.0800;12062928;2025/10/19 18:17:17.964
6;META;2025-10-06;705.1850;716.8800;690.5100;715.6600;21654738;2025/10/19 18:17:17.964
6;META;2025-10-03;729.6250;731.0000;710.1800;710.5600;16154305;2025/10/19 18:17:17.964
6;META;2025-10-02;722.5800;727.7700;718.1400;727.0500;11415271;2025/10/19 18:17:17.964
6;META;2025-10-01;721.4900;721.8499;710.2000;717.3400;20419633;2025/10/19 18:17:17.964
6;META;2025-09-30;742.2500;742.9700;726.3000;734.3800;16226750;2025/10/19 18:17:17.964
6;META;2025-09-29;748.7200;750.7800;739.1500;743.4000;9246768;2025/10/19 18:17:17.964
6;META;2025-09-26;750.0000;751.9299;737.3532;743.7500;9696338;2025/10/19 18:17:17.964
6;META;2025-09-25;753.4500;756.7650;744.5500;748.9100;10591065;2025/10/19 18:17:17.964
6;META;2025-09-24;757.5000;761.1100;752.5251;760.6600;8828227;2025/10/19 18:17:17.964
6;META;2025-09-23;769.2500;770.6000;751.0700;755.4000;10872592;2025/10/19 18:17:17.964
6;META;2025-09-22;781.8450;785.7300;764.4700;765.1600;11706946;2025/10/19 18:17:17.964
6;META;2025-09-19;786.4200;790.8000;769.1901;778.3800;23696824;2025/10/19 18:17:17.964
6;META;2025-09-18;780.7500;788.7800;773.3600;780.2500;10954950;2025/10/19 18:17:17.964
6;META;2025-09-17;779.9900;783.2900;766.3100;775.7150;9400867;2025/10/19 18:17:17.964
6;META;2025-09-16;767.0000;781.3600;765.1000;779.0000;11782482;2025/10/19 18:17:17.964
6;META;2025-09-15;757.4700;774.0700;751.9850;764.7000;10533780;2025/10/19 18:17:17.964
6;META;2025-09-12;748.7250;757.5703;743.7600;755.5900;8248557;2025/10/19 18:17:17.964
6;META;2025-09-11;754.6500;757.1000;748.3700;750.9000;7923284;2025/10/19 18:17:17.964
6;META;2025-09-10;765.1300;765.7000;751.0000;751.9800;12478276;2025/10/19 18:17:17.964
6;META;2025-09-09;757.4900;766.3000;753.4300;765.7000;10999026;2025/10/19 18:17:17.964
6;META;2025-09-08;755.9950;766.5100;752.0200;752.3000;13087816;2025/10/19 18:17:17.964
6;META;2025-09-05;752.6150;757.9500;745.0300;752.4500;9663441;2025/10/19 18:17:17.964
6;META;2025-09-04;748.5700;761.1600;745.8200;748.6500;11439078;2025/10/19 18:17:17.964
6;META;2025-09-03;736.0000;740.2500;733.9893;737.0500;7650495;2025/10/19 18:17:17.964
6;META;2025-09-02;726.0400;736.0000;721.7306;735.1100;9350857;2025/10/19 18:17:17.964
6;META;2025-08-29;745.2800;747.1400;735.3466;738.7000;9070546;2025/10/19 18:17:17.964
6;META;2025-08-28;744.0000;753.0548;740.7950;751.1100;7467955;2025/10/19 18:17:17.964
6;META;2025-08-27;752.3000;754.1499;742.8400;747.3800;8315435;2025/10/19 18:17:17.964
6;META;2025-08-26;750.8000;754.8700;747.9400;754.1000;7601800;2025/10/19 18:17:17.964
6;META;2025-08-25;754.8200;758.8800;750.1300;753.3000;6861158;2025/10/19 18:17:17.964
6;META;2025-08-22;739.2300;756.9000;734.3900;754.7900;10612667;2025/10/19 18:17:17.964
6;META;2025-08-21;744.7050;745.5000;733.1101;739.1000;8876307;2025/10/19 18:17:17.964
6;META;2025-08-20;747.5700;750.1999;731.0000;747.7200;11898190;2025/10/19 18:17:17.964
6;META;2025-08-19;767.1200;767.1700;749.3600;751.4800;12286690;2025/10/19 18:17:17.964
6;META;2025-08-18;775.0850;775.8100;756.5601;767.3700;16513737;2025/10/19 18:17:17.964
6;META;2025-08-15;784.1500;796.2500;780.8200;785.2300;13375361;2025/10/19 18:17:17.964
6;META;2025-08-14;777.8800;787.8100;772.5100;782.1300;8116193;2025/10/19 18:17:17.964
6;META;2025-08-13;791.1500;795.4561;778.2300;780.0800;8811750;2025/10/19 18:17:17.964
6;META;2025-08-12;773.0000;793.6700;772.4300;790.0000;14579765;2025/10/19 18:17:17.964
6;META;2025-08-11;770.0750;773.4584;764.6700;765.8700;7611964;2025/10/19 18:17:17.964
6;META;2025-08-08;762.7500;769.9000;758.5800;769.3000;7320755;2025/10/19 18:17:17.964
6;META;2025-08-07;773.4900;775.0000;759.5500;761.8300;9019691;2025/10/19 18:17:17.964
6;META;2025-08-06;770.0000;773.6400;760.4601;771.9900;9733910;2025/10/19 18:17:17.964
6;META;2025-08-05;776.4450;783.1299;763.0000;763.4600;11640294;2025/10/19 18:17:17.964
6;META;2025-08-04;760.0000;776.8500;758.4100;776.3700;15801727;2025/10/19 18:17:17.964
6;META;2025-08-01;760.7300;765.9999;745.3100;750.0100;19028710;2025/10/19 18:17:17.964
6;META;2025-07-31;775.2000;784.7500;765.5100;773.4400;38831098;2025/10/19 18:17:17.964
6;META;2025-07-30;708.0900;708.5000;691.2001;695.2100;27077286;2025/10/19 18:17:17.964
6;META;2025-07-29;720.0000;724.4700;699.9100;700.0000;13267032;2025/10/19 18:17:17.964
6;META;2025-07-28;715.2000;724.7352;712.6800;717.6300;8715743;2025/10/19 18:17:17.964
6;META;2025-07-25;716.9150;720.6499;711.9000;712.6800;8271698;2025/10/19 18:17:17.964
6;META;2025-07-24;717.0500;723.6239;714.0000;714.8000;10920836;2025/10/19 18:17:17.964
6;META;2025-07-23;706.3650;714.6285;704.9300;713.5800;8771615;2025/10/19 18:17:17.964
6;META;2025-07-22;716.1900;716.6000;701.4100;704.8100;8921064;2025/10/19 18:17:17.964
6;META;2025-07-21;706.8000;717.0000;705.7600;712.9650;9404391;2025/10/19 18:17:17.964
6;META;2025-07-18;702.1900;704.7100;691.6500;704.2800;12779752;2025/10/19 18:17:17.964
6;META;2025-07-17;704.3900;705.9000;697.1050;701.4100;11803264;2025/10/19 18:17:17.964
6;META;2025-07-16;713.3700;713.9700;699.2701;702.9100;13067627;2025/10/19 18:17:17.964
6;META;2025-07-15;723.9000;724.4716;709.8200;710.3900;11529511;2025/10/19 18:17:17.964
6;META;2025-07-14;717.6000;728.0000;716.5470;720.9200;8939399;2025/10/19 18:17:17.964
6;META;2025-07-11;722.4950;725.1600;709.7000;717.5100;10873880;2025/10/19 18:17:17.964
6;META;2025-07-10;731.5500;735.7999;719.6000;727.2400;9922249;2025/10/19 18:17:17.964
6;META;2025-07-09;722.7150;737.5300;722.7150;732.7800;11417963;2025/10/19 18:17:17.964
6;META;2025-07-08;721.5700;722.9099;714.8100;720.6700;7770693;2025/10/19 18:17:17.964
6;META;2025-07-07;717.6000;727.0000;713.5100;718.3500;9457080;2025/10/19 18:17:17.964
6;META;2025-07-03;726.6100;729.0300;714.4200;719.0100;8601653;2025/10/19 18:17:17.964
6;META;2025-07-02;715.3250;720.3000;712.8000;713.5700;9336740;2025/10/19 18:17:17.964
6;META;2025-07-01;736.8750;737.7499;715.3700;719.2200;13431248;2025/10/19 18:17:17.964
6;META;2025-06-30;744.5500;747.9000;734.2500;738.0900;15402105;2025/10/19 18:17:17.964
6;META;2025-06-27;726.5150;735.4300;725.8600;733.6300;18775735;2025/10/19 18:17:17.964
6;META;2025-06-26;714.3550;728.2200;711.0500;726.0900;13964793;2025/10/19 18:17:17.964
6;META;2025-06-25;713.3150;716.5800;705.3800;708.6800;9320436;2025/10/19 18:17:17.964
6;META;2025-06-24;704.8850;713.1900;702.1100;712.2000;13823180;2025/10/19 18:17:17.964
6;META;2025-06-23;683.6900;699.0500;678.7500;698.5300;11080055;2025/10/19 18:17:17.964
6;META;2025-06-20;700.7500;701.8197;678.6700;682.3500;22538640;2025/10/19 18:17:17.964
6;META;2025-06-18;698.1800;701.5900;694.9000;695.7700;10068255;2025/10/19 18:17:17.964
6;META;2025-06-17;702.0000;705.9700;696.0600;697.2300;10066110;2025/10/19 18:17:17.964
6;META;2025-06-16;699.3300;707.1500;693.5103;702.1200;13720288;2025/10/19 18:17:17.964
6;META;2025-06-13;687.9500;694.5700;681.0100;682.8700;9274441;2025/10/19 18:17:17.964
6;META;2025-06-12;693.3000;695.3800;687.0000;693.3600;7322730;2025/10/19 18:17:17.964
6;META;2025-06-11;703.7050;708.8707;691.9900;694.1400;9582508;2025/10/19 18:17:17.964
6;META;2025-06-10;701.3450;703.2300;691.5600;702.4000;10850146;2025/10/19 18:17:17.964
6;META;2025-06-09;698.4600;705.1900;693.9400;694.0600;12773221;2025/10/19 18:17:17.964
6;META;2025-06-06;696.1700;702.8060;691.8700;697.7100;11727961;2025/10/19 18:17:17.964
6;META;2025-06-05;691.6600;694.3800;682.2500;684.6200;13120335;2025/10/19 18:17:17.964
6;META;2025-06-04;669.3200;689.0000;668.5700;687.9500;14031931;2025/10/19 18:17:17.964
6;META;2025-06-03;671.4450;675.5800;665.0300;666.8500;11585031;2025/10/19 18:17:17.964
6;META;2025-06-02;644.3900;673.2600;644.2616;670.9000;15766258;2025/10/19 18:17:17.964
6;META;2025-05-30;642.5000;649.4099;632.7800;647.4900;16240951;2025/10/19 18:17:17.964
6;META;2025-05-29;651.6450;653.3200;639.5000;645.0500;8883436;2025/10/19 18:17:17.964
6;META;2025-05-28;642.6000;650.8800;642.5472;643.5800;9042874;2025/10/19 18:17:17.964
2;MSFT;2025-10-17;509.0400;515.4800;507.3100;513.5800;19867765;2025/10/19 18:17:17.964
2;MSFT;2025-10-16;512.5800;516.8500;508.1300;511.6100;15559565;2025/10/19 18:17:17.964
2;MSFT;2025-10-15;514.9550;517.1900;510.0000;513.4300;14694654;2025/10/19 18:17:17.964
2;MSFT;2025-10-14;510.2250;515.2820;506.0000;513.5700;14684300;2025/10/19 18:17:17.964
2;MSFT;2025-10-13;516.4100;516.4100;511.6800;514.0500;14284238;2025/10/19 18:17:17.964
2;MSFT;2025-10-10;519.6400;523.5800;509.6300;510.9600;24133840;2025/10/19 18:17:17.964
2;MSFT;2025-10-09;522.3350;524.3250;517.4000;522.4000;18343602;2025/10/19 18:17:17.964
2;MSFT;2025-10-08;523.2800;526.9500;523.0900;524.8500;13363447;2025/10/19 18:17:17.964
2;MSFT;2025-10-07;528.2850;529.8000;521.4400;523.9800;14615208;2025/10/19 18:17:17.964
2;MSFT;2025-10-06;518.6100;531.0300;518.2000;528.5700;21388581;2025/10/19 18:17:17.964
2;MSFT;2025-10-03;517.1000;520.4900;515.0000;517.3500;15112321;2025/10/19 18:17:17.964
2;MSFT;2025-10-02;517.6400;521.6000;510.6791;515.7400;21222886;2025/10/19 18:17:17.964
2;MSFT;2025-10-01;514.8000;520.5050;511.6900;519.7100;22632336;2025/10/19 18:17:17.964
2;MSFT;2025-09-30;513.2400;518.1600;509.6600;517.9500;19728229;2025/10/19 18:17:17.964
2;MSFT;2025-09-29;511.5000;516.8450;508.8800;514.6000;17617775;2025/10/19 18:17:17.964
2;MSFT;2025-09-26;510.0600;513.9400;506.6200;511.4600;16213129;2025/10/19 18:17:17.964
2;MSFT;2025-09-25;508.3000;510.0100;505.0400;507.0300;15786468;2025/10/19 18:17:17.964
2;MSFT;2025-09-24;510.3800;512.4800;506.9200;510.1500;13533711;2025/10/19 18:17:17.964
2;MSFT;2025-09-23;513.8000;514.5899;507.3100;509.2300;19799580;2025/10/19 18:17:17.964
2;MSFT;2025-09-22;515.5900;517.7400;512.5450;514.4500;20009314;2025/10/19 18:17:17.964
2;MSFT;2025-09-19;510.5600;519.3000;510.3100;517.9300;52474093;2025/10/19 18:17:17.964
2;MSFT;2025-09-18;511.4900;513.0700;507.6600;508.4500;18913696;2025/10/19 18:17:17.964
2;MSFT;2025-09-17;510.6200;511.2900;505.9300;510.0200;15816585;2025/10/19 18:17:17.964
2;MSFT;2025-09-16;516.8800;517.2300;508.6000;509.0400;19711922;2025/10/19 18:17:17.964
2;MSFT;2025-09-15;508.7900;515.4700;507.0000;515.3600;17143786;2025/10/19 18:17:17.964
2;MSFT;2025-09-12;506.6500;512.5500;503.8500;509.9000;23624884;2025/10/19 18:17:17.964
2;MSFT;2025-09-11;502.2500;503.1700;497.8800;501.0100;18881608;2025/10/19 18:17:17.964
2;MSFT;2025-09-10;502.9800;503.2299;496.7200;500.3700;21611816;2025/10/19 18:17:17.964
2;MSFT;2025-09-09;501.4300;502.2500;497.7000;498.4100;14410542;2025/10/19 18:17:17.964
2;MSFT;2025-09-08;498.1050;501.1950;495.0300;498.2000;16771015;2025/10/19 18:17:17.964
2;MSFT;2025-09-05;509.0700;511.9700;492.3700;495.0000;31994846;2025/10/19 18:17:17.964
2;MSFT;2025-09-04;504.3000;508.1500;503.1500;507.9700;15509486;2025/10/19 18:17:17.964
2;MSFT;2025-09-03;503.7900;507.7900;502.3200;505.3500;15995154;2025/10/19 18:17:17.964
2;MSFT;2025-09-02;500.4650;506.0000;496.8100;505.1200;18127995;2025/10/19 18:17:17.964
2;MSFT;2025-08-29;508.6600;509.6000;504.4915;506.6900;20961569;2025/10/19 18:17:17.964
2;MSFT;2025-08-28;507.0900;511.0900;505.5000;509.6400;18015593;2025/10/19 18:17:17.964
2;MSFT;2025-08-27;502.0000;507.2900;499.9000;506.7400;17277893;2025/10/19 18:17:17.964
2;MSFT;2025-08-26;504.3550;504.9778;498.5100;502.0400;30835709;2025/10/19 18:17:17.964
2;MSFT;2025-08-25;506.6300;508.1900;504.1200;504.2600;21638579;2025/10/19 18:17:17.964
2;MSFT;2025-08-22;504.2500;510.7300;502.4100;507.2300;24324161;2025/10/19 18:17:17.964
2;MSFT;2025-08-21;503.6900;507.6300;502.7201;504.2400;18443254;2025/10/19 18:17:17.964
2;MSFT;2025-08-20;509.8650;511.0000;504.4400;505.7200;27723025;2025/10/19 18:17:17.964
2;MSFT;2025-08-19;515.0000;515.1641;508.5500;509.7700;21481016;2025/10/19 18:17:17.964
2;MSFT;2025-08-18;521.5850;522.8200;514.0200;517.1000;23760583;2025/10/19 18:17:17.964
2;MSFT;2025-08-15;522.7700;526.1000;519.0800;520.1700;25213272;2025/10/19 18:17:17.964
2;MSFT;2025-08-14;522.5600;525.9499;520.1400;522.4800;20269074;2025/10/19 18:17:17.964
2;MSFT;2025-08-13;532.1100;532.7000;519.3700;520.5800;19619160;2025/10/19 18:17:17.964
2;MSFT;2025-08-12;523.7500;530.9800;522.7000;529.2400;18688921;2025/10/19 18:17:17.964
2;MSFT;2025-08-11;522.3000;527.5900;519.7200;521.7700;20194372;2025/10/19 18:17:17.964
2;MSFT;2025-08-08;522.6000;524.6600;519.4100;522.0400;15531009;2025/10/19 18:17:17.964
2;MSFT;2025-08-07;526.8000;528.0900;517.5511;520.8400;16079144;2025/10/19 18:17:17.964
2;MSFT;2025-08-06;530.9000;531.7000;524.0300;524.9400;21355702;2025/10/19 18:17:17.964
2;MSFT;2025-08-05;537.1800;537.3000;527.2400;527.7500;19171569;2025/10/19 18:17:17.964
2;MSFT;2025-08-04;528.2700;538.2500;528.1300;535.6400;25349004;2025/10/19 18:17:17.964
2;MSFT;2025-08-01;535.0000;535.8000;520.8600;524.1100;28977628;2025/10/19 18:17:17.964
2;MSFT;2025-07-31;555.2250;555.4500;531.9000;533.5000;51617326;2025/10/19 18:17:17.964
2;MSFT;2025-07-30;515.1700;515.9500;509.4350;513.2400;26380434;2025/10/19 18:17:17.964
2;MSFT;2025-07-29;515.5300;517.6200;511.5600;512.5700;16469235;2025/10/19 18:17:17.964
2;MSFT;2025-07-28;514.0800;515.0000;510.1200;512.5000;14308027;2025/10/19 18:17:17.964
2;MSFT;2025-07-25;512.4650;518.2900;510.3592;513.7100;19125699;2025/10/19 18:17:17.964
2;MSFT;2025-07-24;508.7700;513.6700;507.3000;510.8800;16107000;2025/10/19 18:17:17.964
2;MSFT;2025-07-23;506.7500;506.7900;500.7000;505.8700;16396585;2025/10/19 18:17:17.964
2;MSFT;2025-07-22;510.9700;511.2000;505.2700;505.2700;13868644;2025/10/19 18:17:17.964
2;MSFT;2025-07-21;506.7050;512.0900;505.5500;510.0600;14066805;2025/10/19 18:17:17.964
2;MSFT;2025-07-18;514.4800;514.6400;507.4300;510.0500;21209666;2025/10/19 18:17:17.964
2;MSFT;2025-07-17;505.6800;513.3700;505.6200;511.7000;17503129;2025/10/19 18:17:17.964
2;MSFT;2025-07-16;505.1800;506.7200;501.8900;505.6200;15154374;2025/10/19 18:17:17.964
2;MSFT;2025-07-15;503.0200;508.3000;502.7900;505.8200;14927202;2025/10/19 18:17:17.964
2;MSFT;2025-07-14;501.5150;503.9700;501.0300;503.0200;12058848;2025/10/19 18:17:17.964
2;MSFT;2025-07-11;498.4700;505.0300;497.7950;503.3200;16459512;2025/10/19 18:17:17.964
2;MSFT;2025-07-10;503.0500;504.4400;497.7500;501.4800;16498740;2025/10/19 18:17:17.964
2;MSFT;2025-07-09;500.3000;506.7800;499.7400;503.5100;18659538;2025/10/19 18:17:17.964
2;MSFT;2025-07-08;497.2400;498.2000;494.1100;496.6200;11846586;2025/10/19 18:17:17.964
2;MSFT;2025-07-07;497.3800;498.7500;495.2250;497.7200;13981605;2025/10/19 18:17:17.964
2;MSFT;2025-07-03;493.8100;500.1300;493.4400;498.8400;13984829;2025/10/19 18:17:17.964
2;MSFT;2025-07-02;489.9900;493.5000;488.7000;491.0900;16319641;2025/10/19 18:17:17.964
2;MSFT;2025-07-01;496.4700;498.0500;490.9800;492.0500;19945375;2025/10/19 18:17:17.964
2;MSFT;2025-06-30;497.0400;500.7600;495.3300;497.4100;28368991;2025/10/19 18:17:17.964
2;MSFT;2025-06-27;497.5500;499.3000;493.0300;495.9400;34539236;2025/10/19 18:17:17.964
2;MSFT;2025-06-26;492.9800;498.0400;492.8100;497.4500;21578853;2025/10/19 18:17:17.964
2;MSFT;2025-06-25;492.0400;494.5556;489.3900;492.2700;17495099;2025/10/19 18:17:17.964
2;MSFT;2025-06-24;488.9500;491.8490;486.7950;490.1100;22305642;2025/10/19 18:17:17.964
2;MSFT;2025-06-23;478.2100;487.7500;472.5100;486.0000;24863952;2025/10/19 18:17:17.964
2;MSFT;2025-06-20;482.2300;483.4600;476.8700;477.4000;37576206;2025/10/19 18:17:17.964
2;MSFT;2025-06-18;478.0000;481.0000;474.4600;480.2400;17526452;2025/10/19 18:17:17.964
2;MSFT;2025-06-17;475.3950;478.7399;474.0800;478.0400;15414128;2025/10/19 18:17:17.964
2;MSFT;2025-06-16;475.2100;480.6943;475.0000;479.1400;15626104;2025/10/19 18:17:17.964
2;MSFT;2025-06-13;476.4100;479.1800;472.7600;474.9600;16814456;2025/10/19 18:17:17.964
2;MSFT;2025-06-12;475.0200;480.4150;473.5200;478.8700;18950582;2025/10/19 18:17:17.964
2;MSFT;2025-06-11;470.0200;475.4700;469.6550;472.6200;16399176;2025/10/19 18:17:17.964
2;MSFT;2025-06-10;471.1850;472.8000;466.9600;470.9200;15375944;2025/10/19 18:17:17.964
2;MSFT;2025-06-09;469.7000;473.4300;468.6200;472.7500;16469932;2025/10/19 18:17:17.964
2;MSFT;2025-06-06;470.0850;473.3350;468.7800;470.3800;15285624;2025/10/19 18:17:17.964
2;MSFT;2025-06-05;464.9550;469.6500;464.0300;467.6800;20154460;2025/10/19 18:17:17.964
2;MSFT;2025-06-04;464.0000;465.6900;463.0201;463.8700;14162688;2025/10/19 18:17:17.964
2;MSFT;2025-06-03;461.4700;464.1400;460.8622;462.9700;15743760;2025/10/19 18:17:17.964
2;MSFT;2025-06-02;457.1400;462.1100;456.8900;461.9700;16626495;2025/10/19 18:17:17.964
2;MSFT;2025-05-30;459.7150;461.6800;455.5400;460.3600;34770475;2025/10/19 18:17:17.964
2;MSFT;2025-05-29;461.5500;461.7200;455.3105;458.6800;13982211;2025/10/19 18:17:17.964
2;MSFT;2025-05-28;461.2200;462.5200;456.9300;457.3600;17086261;2025/10/19 18:17:17.964
7;NVDA;2025-10-17;180.1800;184.1000;179.7500;183.2200;173135217;2025/10/19 18:17:17.964
7;NVDA;2025-10-16;182.2300;183.2800;179.7700;181.8100;179723309;2025/10/19 18:17:17.964
7;NVDA;2025-10-15;184.8000;184.8700;177.2900;179.8300;214450482;2025/10/19 18:17:17.964
7;NVDA;2025-10-14;184.7700;184.8000;179.7000;180.0300;205641380;2025/10/19 18:17:17.964
7;NVDA;2025-10-13;187.9650;190.1099;185.9600;188.3200;153482755;2025/10/19 18:17:17.964
7;NVDA;2025-10-10;193.5050;195.6200;182.0500;183.1600;268774359;2025/10/19 18:17:17.964
7;NVDA;2025-10-09;192.2250;195.3000;191.0600;192.5700;182997234;2025/10/19 18:17:17.964
7;NVDA;2025-10-08;186.5700;189.6000;186.5400;189.1100;130168861;2025/10/19 18:17:17.964
7;NVDA;2025-10-07;186.2300;189.0600;184.0000;185.0400;140088008;2025/10/19 18:17:17.964
7;NVDA;2025-10-06;185.5000;187.2300;183.3300;185.5400;157678104;2025/10/19 18:17:17.964
7;NVDA;2025-10-03;189.1900;190.3600;185.3800;187.6200;137596896;2025/10/19 18:17:17.964
7;NVDA;2025-10-02;189.6000;191.0500;188.0600;188.8900;136805821;2025/10/19 18:17:17.964
7;NVDA;2025-10-01;185.2400;188.1400;183.9000;187.2400;173844901;2025/10/19 18:17:17.964
7;NVDA;2025-09-30;182.0800;187.3500;181.4800;186.5800;236981032;2025/10/19 18:17:17.964
7;NVDA;2025-09-29;180.4250;184.0000;180.3200;181.8500;193063455;2025/10/19 18:17:17.964
7;NVDA;2025-09-26;178.1700;179.7700;174.9300;178.1900;148573732;2025/10/19 18:17:17.964
7;NVDA;2025-09-25;174.4800;180.2600;173.1250;177.6900;191586733;2025/10/19 18:17:17.964
7;NVDA;2025-09-24;179.7700;179.7800;175.4000;176.9700;143564116;2025/10/19 18:17:17.964
7;NVDA;2025-09-23;181.9700;182.4200;176.2100;178.4300;192559552;2025/10/19 18:17:17.964
7;NVDA;2025-09-22;175.3000;184.5500;174.7053;183.6100;269637001;2025/10/19 18:17:17.964
7;NVDA;2025-09-19;175.7700;178.0800;175.1800;176.6700;237182143;2025/10/19 18:17:17.964
7;NVDA;2025-09-18;173.9800;177.1000;172.9600;176.2400;191763313;2025/10/19 18:17:17.964
7;NVDA;2025-09-17;172.6400;173.2000;168.4100;170.2900;211843817;2025/10/19 18:17:17.964
7;NVDA;2025-09-16;177.0000;177.5000;174.3800;174.8800;140737775;2025/10/19 18:17:17.964
7;NVDA;2025-09-15;175.6700;178.8500;174.5100;177.7500;147061559;2025/10/19 18:17:17.964
7;NVDA;2025-09-12;177.7700;178.5950;176.4500;177.8200;124911026;2025/10/19 18:17:17.964
7;NVDA;2025-09-11;179.6800;180.2800;176.4800;177.1700;151159274;2025/10/19 18:17:17.964
7;NVDA;2025-09-10;176.6400;179.2900;175.4700;177.3300;226852020;2025/10/19 18:17:17.964
7;NVDA;2025-09-09;169.0900;170.9800;166.7401;170.7600;157548392;2025/10/19 18:17:17.964
7;NVDA;2025-09-08;167.5500;170.9600;167.3500;168.3100;163769133;2025/10/19 18:17:17.964
7;NVDA;2025-09-05;168.0300;169.0300;164.0700;167.0200;224441435;2025/10/19 18:17:17.964
7;NVDA;2025-09-04;170.5700;171.8600;169.4100;171.6600;141670144;2025/10/19 18:17:17.964
7;NVDA;2025-09-03;171.0600;172.4100;168.8750;170.6200;161466040;2025/10/19 18:17:17.964
7;NVDA;2025-09-02;170.0000;172.3790;167.2200;170.7800;231164853;2025/10/19 18:17:17.964
7;NVDA;2025-08-29;178.1100;178.1500;173.1450;174.1800;243257873;2025/10/19 18:17:17.964
7;NVDA;2025-08-28;180.8200;184.4700;176.4100;180.1700;281787824;2025/10/19 18:17:17.964
7;NVDA;2025-08-27;181.9800;182.4900;179.1000;181.6000;235518949;2025/10/19 18:17:17.964
7;NVDA;2025-08-26;180.0550;182.3900;178.8100;181.7700;168688186;2025/10/19 18:17:17.964
7;NVDA;2025-08-25;178.3500;181.9100;176.5700;179.8100;163012789;2025/10/19 18:17:17.964
7;NVDA;2025-08-22;172.6100;178.5900;171.2000;177.9900;172789427;2025/10/19 18:17:17.964
7;NVDA;2025-08-21;174.8500;176.9000;173.8100;174.9800;140040850;2025/10/19 18:17:17.964
7;NVDA;2025-08-20;175.1650;176.0000;168.8010;175.4000;215142725;2025/10/19 18:17:17.964
7;NVDA;2025-08-19;182.4300;182.5000;175.4900;175.6400;185229219;2025/10/19 18:17:17.964
7;NVDA;2025-08-18;180.6000;182.9375;180.5900;182.0100;132007959;2025/10/19 18:17:17.964
7;NVDA;2025-08-15;181.8800;181.9000;178.0417;180.4500;156602161;2025/10/19 18:17:17.964
7;NVDA;2025-08-14;179.7500;183.0200;179.4600;182.0200;129553959;2025/10/19 18:17:17.964
7;NVDA;2025-08-13;182.6150;183.9700;179.3500;181.5900;179871724;2025/10/19 18:17:17.964
7;NVDA;2025-08-12;182.9600;184.4800;179.4600;183.1600;145729202;2025/10/19 18:17:17.964
7;NVDA;2025-08-11;182.0500;183.8400;180.2500;182.0600;138323191;2025/10/19 18:17:17.964
7;NVDA;2025-08-08;181.5500;183.3000;180.4000;182.7000;123396679;2025/10/19 18:17:17.964
7;NVDA;2025-08-07;181.5700;183.8800;178.7950;180.7700;151878365;2025/10/19 18:17:17.964
7;NVDA;2025-08-06;176.3250;179.9000;176.2500;179.4200;137192265;2025/10/19 18:17:17.964
7;NVDA;2025-08-05;179.6200;180.2600;175.9000;178.2600;156407621;2025/10/19 18:17:17.964
7;NVDA;2025-08-04;175.1600;180.2000;174.5200;180.0000;148174609;2025/10/19 18:17:17.964
7;NVDA;2025-08-01;174.0900;176.5400;170.8900;173.7200;204528985;2025/10/19 18:17:17.964
7;NVDA;2025-07-31;182.9000;183.3000;175.9300;177.8700;221685446;2025/10/19 18:17:17.964
7;NVDA;2025-07-30;176.5100;179.8900;176.0400;179.2700;174312208;2025/10/19 18:17:17.964
7;NVDA;2025-07-29;177.9600;179.3800;175.0200;175.5100;154077512;2025/10/19 18:17:17.964
7;NVDA;2025-07-28;174.0200;177.0000;173.9700;176.7500;140023521;2025/10/19 18:17:17.964
7;NVDA;2025-07-25;173.6100;174.7200;172.9600;173.5000;122316792;2025/10/19 18:17:17.964
7;NVDA;2025-07-24;172.4400;173.8300;171.3000;173.7400;128984628;2025/10/19 18:17:17.964
7;NVDA;2025-07-23;169.5300;171.2600;167.9700;170.7800;154082197;2025/10/19 18:17:17.964
7;NVDA;2025-07-22;171.3400;171.3900;164.5800;167.0300;193114327;2025/10/19 18:17:17.964
7;NVDA;2025-07-21;172.7500;173.3800;171.0000;171.3800;123126136;2025/10/19 18:17:17.964
7;NVDA;2025-07-18;173.6400;174.2500;171.2600;172.4100;146456416;2025/10/19 18:17:17.964
7;NVDA;2025-07-17;172.0200;174.1600;170.8300;173.0000;160841119;2025/10/19 18:17:17.964
7;NVDA;2025-07-16;171.0600;171.7500;168.9000;171.3700;158831509;2025/10/19 18:17:17.964
7;NVDA;2025-07-15;171.1900;172.4000;169.1950;170.7000;230627350;2025/10/19 18:17:17.964
7;NVDA;2025-07-14;165.3700;165.4900;162.0200;164.0700;136975754;2025/10/19 18:17:17.964
7;NVDA;2025-07-11;163.7150;167.8900;163.4700;164.9200;193633263;2025/10/19 18:17:17.964
7;NVDA;2025-07-10;164.3200;164.5000;161.6100;164.1000;167704075;2025/10/19 18:17:17.964
7;NVDA;2025-07-09;161.2200;164.4200;161.1600;162.8800;183656443;2025/10/19 18:17:17.964
7;NVDA;2025-07-08;159.3300;160.2200;158.3900;160.0000;138133025;2025/10/19 18:17:17.964
7;NVDA;2025-07-07;158.2000;159.3100;157.3420;158.2400;140138975;2025/10/19 18:17:17.964
7;NVDA;2025-07-03;158.3700;160.9800;157.7700;159.3400;143716055;2025/10/19 18:17:17.964
7;NVDA;2025-07-02;152.9800;157.6000;152.9700;157.2500;171224111;2025/10/19 18:17:17.964
7;NVDA;2025-07-01;156.2900;157.2000;151.4900;153.3000;213143621;2025/10/19 18:17:17.964
7;NVDA;2025-06-30;158.4000;158.6600;155.9600;157.9900;194580316;2025/10/19 18:17:17.964
7;NVDA;2025-06-27;156.0400;158.7100;155.2550;157.7500;263234539;2025/10/19 18:17:17.964
7;NVDA;2025-06-26;155.9750;156.7150;154.0000;155.0200;198145746;2025/10/19 18:17:17.964
7;NVDA;2025-06-25;149.2700;154.4500;149.2600;154.3100;269146471;2025/10/19 18:17:17.964
7;NVDA;2025-06-24;145.5600;147.9600;145.5000;147.9000;187566121;2025/10/19 18:17:17.964
7;NVDA;2025-06-23;142.5000;144.7800;142.0300;144.1700;154308941;2025/10/19 18:17:17.964
7;NVDA;2025-06-20;145.4500;146.2000;142.6500;143.8500;242956157;2025/10/19 18:17:17.964
7;NVDA;2025-06-18;144.0050;145.6500;143.1200;145.4800;161494121;2025/10/19 18:17:17.964
7;NVDA;2025-06-17;144.4900;145.2200;143.7800;144.1200;139108000;2025/10/19 18:17:17.964
7;NVDA;2025-06-16;143.3450;146.1750;143.2001;144.6900;183133666;2025/10/19 18:17:17.964
7;NVDA;2025-06-13;142.4800;143.5800;140.8550;141.9700;180820565;2025/10/19 18:17:17.964
7;NVDA;2025-06-12;141.9700;145.0000;141.8500;145.0000;162364991;2025/10/19 18:17:17.964
7;NVDA;2025-06-11;144.6100;144.9900;141.8700;142.8300;167694044;2025/10/19 18:17:17.964
7;NVDA;2025-06-10;142.6900;144.2900;141.5250;143.9600;155881897;2025/10/19 18:17:17.964
7;NVDA;2025-06-09;143.1900;145.0000;141.9400;142.6300;185114494;2025/10/19 18:17:17.964
7;NVDA;2025-06-06;142.5100;143.2700;141.5100;141.7200;153986153;2025/10/19 18:17:17.964
7;NVDA;2025-06-05;142.1700;144.0000;138.8300;139.9900;232410759;2025/10/19 18:17:17.964
7;NVDA;2025-06-04;142.1900;142.3900;139.5450;141.9200;167120819;2025/10/19 18:17:17.964
7;NVDA;2025-06-03;138.7800;142.0000;137.9500;141.2200;225578783;2025/10/19 18:17:17.964
7;NVDA;2025-06-02;135.4900;138.1200;135.4000;137.3800;197663116;2025/10/19 18:17:17.964
7;NVDA;2025-05-30;138.7150;139.6200;132.9200;135.1300;333170851;2025/10/19 18:17:17.964
7;NVDA;2025-05-29;142.2450;143.4900;137.9100;139.1900;370615167;2025/10/19 18:17:17.964
7;NVDA;2025-05-28;136.0250;137.2500;134.7900;134.8100;304021146;2025/10/19 18:17:17.964
5;TSLA;2025-10-17;425.5000;441.4558;423.6000;439.3100;89331578;2025/10/19 18:17:17.964
5;TSLA;2025-10-16;434.7300;439.3500;421.3101;428.7500;77189889;2025/10/19 18:17:17.964
5;TSLA;2025-10-15;434.9000;440.5100;426.3301;435.1500;71558185;2025/10/19 18:17:17.964
5;TSLA;2025-10-14;426.7900;434.2000;417.8600;429.2400;72669438;2025/10/19 18:17:17.964
5;TSLA;2025-10-13;423.5300;436.8900;419.7000;435.9000;79552785;2025/10/19 18:17:17.964
5;TSLA;2025-10-10;436.5400;443.1300;411.4500;413.4900;112107870;2025/10/19 18:17:17.964
5;TSLA;2025-10-09;431.8100;436.3500;426.1800;435.5400;69339928;2025/10/19 18:17:17.964
5;TSLA;2025-10-08;437.5700;441.3300;425.2300;438.6900;71192128;2025/10/19 18:17:17.964
5;TSLA;2025-10-07;447.8200;452.6800;432.4501;433.0900;102296082;2025/10/19 18:17:17.964
5;TSLA;2025-10-06;440.7500;453.5500;436.6900;453.2500;85324878;2025/10/19 18:17:17.964
5;TSLA;2025-10-03;443.2850;446.7700;416.5750;429.8300;133188180;2025/10/19 18:17:17.964
5;TSLA;2025-10-02;470.5400;470.7500;435.5700;436.0000;137008950;2025/10/19 18:17:17.964
5;TSLA;2025-10-01;443.8000;462.2900;440.7500;459.4600;98122285;2025/10/19 18:17:17.964
5;TSLA;2025-09-30;441.5200;445.0000;433.1200;444.7200;74357960;2025/10/19 18:17:17.964
5;TSLA;2025-09-29;444.3500;450.9800;439.5000;443.2100;79491510;2025/10/19 18:17:17.964
5;TSLA;2025-09-26;428.3000;440.4700;421.0200;440.4000;101628160;2025/10/19 18:17:17.964
5;TSLA;2025-09-25;435.2400;435.3500;419.0800;423.3900;96746426;2025/10/19 18:17:17.964
5;TSLA;2025-09-24;429.8300;444.2100;429.0301;442.7900;93133570;2025/10/19 18:17:17.964
5;TSLA;2025-09-23;439.8800;440.9700;423.7200;425.8500;83422691;2025/10/19 18:17:17.964
5;TSLA;2025-09-22;431.1100;444.9800;429.1300;434.2100;97108777;2025/10/19 18:17:17.964
5;TSLA;2025-09-19;421.8200;429.4700;421.7200;426.0700;93131034;2025/10/19 18:17:17.964
5;TSLA;2025-09-18;428.8650;432.2199;416.5600;416.8500;90454509;2025/10/19 18:17:17.964
5;TSLA;2025-09-17;415.7500;428.3121;409.6700;425.8600;106133532;2025/10/19 18:17:17.964
5;TSLA;2025-09-16;414.4950;423.2500;411.4300;421.6200;104285721;2025/10/19 18:17:17.964
5;TSLA;2025-09-15;423.1300;425.7000;402.4300;410.0400;163823667;2025/10/19 18:17:17.964
5;TSLA;2025-09-12;370.9400;396.6899;370.2400;395.9400;168156391;2025/10/19 18:17:17.964
5;TSLA;2025-09-11;350.1700;368.9900;347.6000;368.8100;103756010;2025/10/19 18:17:17.964
5;TSLA;2025-09-10;350.5500;356.3300;346.0700;347.7900;72121679;2025/10/19 18:17:17.964
5;TSLA;2025-09-09;348.4400;350.7700;343.8200;346.9700;53815991;2025/10/19 18:17:17.964
5;TSLA;2025-09-08;354.6400;358.4400;344.8400;346.4000;75208290;2025/10/19 18:17:17.964
5;TSLA;2025-09-05;348.0000;355.8700;344.6801;350.8400;108989785;2025/10/19 18:17:17.964
5;TSLA;2025-09-04;336.1500;338.8900;331.4800;338.5300;60711033;2025/10/19 18:17:17.964
5;TSLA;2025-09-03;335.2000;343.3300;328.5100;334.0900;88238894;2025/10/19 18:17:17.964
5;TSLA;2025-09-02;328.2300;333.3300;325.6000;329.3600;58391952;2025/10/19 18:17:17.964
5;TSLA;2025-08-29;347.2300;348.7499;331.7000;333.8700;81145660;2025/10/19 18:17:17.964
5;TSLA;2025-08-28;350.9100;353.5500;340.2600;345.9800;67903224;2025/10/19 18:17:17.964
5;TSLA;2025-08-27;351.9400;355.3900;349.1560;349.6000;65519012;2025/10/19 18:17:17.964
5;TSLA;2025-08-26;344.9300;351.9000;343.7200;351.6700;76651550;2025/10/19 18:17:17.964
5;TSLA;2025-08-25;338.9000;349.5300;335.0300;346.6000;86670037;2025/10/19 18:17:17.964
5;TSLA;2025-08-22;321.6600;340.2500;319.6900;340.0100;94016347;2025/10/19 18:17:17.964
5;TSLA;2025-08-21;322.0800;324.9000;318.6800;320.1100;55744445;2025/10/19 18:17:17.964
5;TSLA;2025-08-20;329.2200;331.3700;314.6000;323.9000;77481768;2025/10/19 18:17:17.964
5;TSLA;2025-08-19;335.7900;340.5500;327.8500;329.3100;75956002;2025/10/19 18:17:17.964
5;TSLA;2025-08-18;329.6200;336.2700;329.5900;335.1600;56956552;2025/10/19 18:17:17.964
5;TSLA;2025-08-15;337.6550;339.3000;327.0200;330.5600;74319792;2025/10/19 18:17:17.964
5;TSLA;2025-08-14;335.7600;340.4699;330.4000;335.5800;75000662;2025/10/19 18:17:17.964
5;TSLA;2025-08-13;341.5000;348.9800;338.2000;339.3800;67838892;2025/10/19 18:17:17.964
5;TSLA;2025-08-12;345.0000;345.2600;332.9400;340.8400;80690111;2025/10/19 18:17:17.964
5;TSLA;2025-08-11;335.0000;346.6400;334.1500;339.0300;105320174;2025/10/19 18:17:17.964
5;TSLA;2025-08-08;321.4300;335.1500;320.9800;329.6500;91200319;2025/10/19 18:17:17.964
5;TSLA;2025-08-07;319.7900;322.4000;316.1600;322.2700;66658672;2025/10/19 18:17:17.964
5;TSLA;2025-08-06;307.8900;320.4700;306.9345;319.9100;78523579;2025/10/19 18:17:17.964
5;TSLA;2025-08-05;308.9500;312.4499;305.5000;308.7200;57961278;2025/10/19 18:17:17.964
5;TSLA;2025-08-04;309.0800;312.1186;303.0001;309.2600;78683905;2025/10/19 18:17:17.964
5;TSLA;2025-08-01;306.2050;309.3100;297.8200;302.6300;89121446;2025/10/19 18:17:17.964
5;TSLA;2025-07-31;319.6050;321.3700;306.1000;308.2700;85270919;2025/10/19 18:17:17.964
5;TSLA;2025-07-30;322.1800;324.4499;311.6164;319.0400;83931942;2025/10/19 18:17:17.964
5;TSLA;2025-07-29;325.5500;326.2500;318.2500;321.2000;87358861;2025/10/19 18:17:17.964
5;TSLA;2025-07-28;318.4500;330.4900;315.6900;325.5900;112673755;2025/10/19 18:17:17.964
5;TSLA;2025-07-25;308.7400;323.6300;308.0100;316.0600;148227027;2025/10/19 18:17:17.964
5;TSLA;2025-07-24;310.0000;310.1500;300.4100;305.3000;156966023;2025/10/19 18:17:17.964
5;TSLA;2025-07-23;330.9000;336.2000;328.6700;332.5600;92553756;2025/10/19 18:17:17.964
5;TSLA;2025-07-22;329.7400;335.4098;321.5500;332.1100;77370371;2025/10/19 18:17:17.964
5;TSLA;2025-07-21;334.4000;338.0000;326.8800;328.4900;75768797;2025/10/19 18:17:17.964
5;TSLA;2025-07-18;321.6600;330.9000;321.4200;329.6500;94254993;2025/10/19 18:17:17.964
5;TSLA;2025-07-17;323.1500;324.3400;317.0601;319.4100;73922870;2025/10/19 18:17:17.964
5;TSLA;2025-07-16;312.8000;323.5000;312.6200;321.6700;97284786;2025/10/19 18:17:17.964
5;TSLA;2025-07-15;319.6750;321.2000;310.5000;310.7800;77556346;2025/10/19 18:17:17.964
5;TSLA;2025-07-14;317.7300;322.5986;312.6700;316.9000;78043430;2025/10/19 18:17:17.964
5;TSLA;2025-07-11;307.8900;314.0900;305.6500;313.5100;79236442;2025/10/19 18:17:17.964
5;TSLA;2025-07-10;300.0500;310.4800;300.0000;309.8700;104365271;2025/10/19 18:17:17.964
5;TSLA;2025-07-09;297.5500;300.1500;293.5500;295.8800;75586771;2025/10/19 18:17:17.964
5;TSLA;2025-07-08;297.0000;304.0499;294.3500;297.8100;103246742;2025/10/19 18:17:17.964
5;TSLA;2025-07-07;291.3700;296.1500;288.7701;293.9400;131177949;2025/10/19 18:17:17.964
5;TSLA;2025-07-03;317.9900;318.4500;312.7600;315.3500;58042302;2025/10/19 18:17:17.964
5;TSLA;2025-07-02;312.6300;316.8320;303.8200;315.6500;119483730;2025/10/19 18:17:17.964
5;TSLA;2025-07-01;298.4600;305.8900;293.2100;300.7100;145085665;2025/10/19 18:17:17.964
5;TSLA;2025-06-30;319.9000;325.5799;316.6000;317.6600;76695081;2025/10/19 18:17:17.964
5;TSLA;2025-06-27;324.5100;329.3393;317.4950;323.6300;89067049;2025/10/19 18:17:17.964
5;TSLA;2025-06-26;324.6100;331.0500;323.6100;325.7800;80440907;2025/10/19 18:17:17.964
5;TSLA;2025-06-25;342.7000;343.0000;320.4000;327.5500;119845050;2025/10/19 18:17:17.964
5;TSLA;2025-06-24;356.1700;356.2600;340.4400;340.4700;114736245;2025/10/19 18:17:17.964
5;TSLA;2025-06-23;327.5400;357.5400;327.4800;348.6800;190716815;2025/10/19 18:17:17.964
5;TSLA;2025-06-20;327.9500;332.3600;317.7800;322.1600;108688008;2025/10/19 18:17:17.964
5;TSLA;2025-06-18;317.3100;329.3200;315.4500;322.0500;95137686;2025/10/19 18:17:17.964
5;TSLA;2025-06-17;326.0900;327.2600;314.7400;316.3500;88282669;2025/10/19 18:17:17.964
5;TSLA;2025-06-16;331.2900;332.0500;326.4100;329.1300;83925858;2025/10/19 18:17:17.964
5;TSLA;2025-06-13;313.9700;332.9900;313.3000;325.3100;128964279;2025/10/19 18:17:17.964
5;TSLA;2025-06-12;323.0750;332.5600;316.8600;319.1100;105127536;2025/10/19 18:17:17.964
5;TSLA;2025-06-11;334.3950;335.5000;322.5000;326.4300;122611360;2025/10/19 18:17:17.964
5;TSLA;2025-06-10;314.9400;327.8300;310.6670;326.0900;151256520;2025/10/19 18:17:17.964
5;TSLA;2025-06-09;285.9550;309.8300;281.8500;308.5800;140908876;2025/10/19 18:17:17.964
5;TSLA;2025-06-06;298.8300;305.5000;291.1400;295.1400;164747685;2025/10/19 18:17:17.964
5;TSLA;2025-06-05;322.4900;324.5499;273.2100;284.7000;292818655;2025/10/19 18:17:17.964
5;TSLA;2025-06-04;345.0950;345.6000;327.3308;332.0500;98912075;2025/10/19 18:17:17.964
5;TSLA;2025-06-03;346.5950;355.4000;343.0400;344.2700;99324544;2025/10/19 18:17:17.964
5;TSLA;2025-06-02;343.5000;348.0200;333.3300;342.6900;81873829;2025/10/19 18:17:17.964
5;TSLA;2025-05-30;355.5200;363.6800;345.2900;346.4600;123474938;2025/10/19 18:17:17.964
5;TSLA;2025-05-29;365.2900;367.7100;356.0000;358.4300;88545666;2025/10/19 18:17:17.964
5;TSLA;2025-05-28;364.8400;365.0000;355.9100;356.9000;91404309;2025/10/19 18:17:17.964
9;V;2025-10-17;337.7700;343.4500;337.0000;341.8900;6267130;2025/10/19 18:17:17.964
9;V;2025-10-16;345.0000;345.6900;334.1700;335.4000;6241506;2025/10/19 18:17:17.964
9;V;2025-10-15;348.3800;350.0750;344.0000;345.6900;3778198;2025/10/19 18:17:17.964
9;V;2025-10-14;341.0000;350.0100;340.2200;348.3800;5731348;2025/10/19 18:17:17.964
9;V;2025-10-13;343.7200;347.6600;340.7300;343.3000;4030682;2025/10/19 18:17:17.964
9;V;2025-10-10;347.6300;350.4000;343.2500;343.6500;6296169;2025/10/19 18:17:17.964
9;V;2025-10-09;351.4700;352.8700;345.5820;347.0400;4434799;2025/10/19 18:17:17.964
9;V;2025-10-08;353.7800;355.0000;351.1000;351.3600;3927524;2025/10/19 18:17:17.964
9;V;2025-10-07;350.0600;354.4400;350.0600;352.4200;5044597;2025/10/19 18:17:17.964
9;V;2025-10-06;350.0100;351.1200;344.3500;349.2800;4735635;2025/10/19 18:17:17.964
9;V;2025-10-03;346.1100;353.1599;346.0000;349.8400;5199681;2025/10/19 18:17:17.964
9;V;2025-10-02;346.2150;347.1800;343.5565;345.9500;5198236;2025/10/19 18:17:17.964
9;V;2025-10-01;340.3100;349.3600;340.3100;347.8300;8380965;2025/10/19 18:17:17.964
9;V;2025-09-30;339.8200;345.6100;338.5100;341.3800;8164773;2025/10/19 18:17:17.964
9;V;2025-09-29;337.3800;340.6400;335.5500;340.1600;7218209;2025/10/19 18:17:17.964
9;V;2025-09-26;337.2300;339.5000;336.2300;337.3700;9619547;2025/10/19 18:17:17.964
9;V;2025-09-25;338.3500;340.2000;334.5100;334.9300;5398713;2025/10/19 18:17:17.964
9;V;2025-09-24;339.1300;339.9000;337.9200;338.6800;5207430;2025/10/19 18:17:17.964
9;V;2025-09-23;344.5900;345.2550;337.6300;338.7000;10142656;2025/10/19 18:17:17.964
9;V;2025-09-22;339.0100;344.8600;338.6600;344.3600;5621798;2025/10/19 18:17:17.964
9;V;2025-09-19;340.4500;342.6900;338.2500;341.6100;13674340;2025/10/19 18:17:17.964
9;V;2025-09-18;344.7300;345.2700;338.1800;338.1800;7526597;2025/10/19 18:17:17.964
9;V;2025-09-17;339.9400;346.2000;339.5200;346.2000;5763537;2025/10/19 18:17:17.964
9;V;2025-09-16;336.2400;340.5400;333.4700;340.0300;5527730;2025/10/19 18:17:17.964
9;V;2025-09-15;340.6100;342.7100;338.3900;339.0500;4367547;2025/10/19 18:17:17.964
9;V;2025-09-12;341.2200;343.1900;339.1700;339.4300;3518310;2025/10/19 18:17:17.964
9;V;2025-09-11;338.7300;343.5300;337.8700;343.4900;5157593;2025/10/19 18:17:17.964
9;V;2025-09-10;342.6100;342.6100;336.4400;338.1200;6557868;2025/10/19 18:17:17.964
9;V;2025-09-09;341.6900;346.3200;341.2900;343.9900;4646187;2025/10/19 18:17:17.964
9;V;2025-09-08;342.3400;344.3820;341.0000;342.3000;4711571;2025/10/19 18:17:17.964
9;V;2025-09-05;351.3750;352.6213;340.2000;343.2200;5448341;2025/10/19 18:17:17.964
9;V;2025-09-04;350.7300;352.6300;349.1500;350.9900;4323973;2025/10/19 18:17:17.964
9;V;2025-09-03;349.3400;350.8900;347.2600;350.8700;4031894;2025/10/19 18:17:17.964
9;V;2025-09-02;349.3100;350.1675;346.0800;350.0700;4940539;2025/10/19 18:17:17.964
9;V;2025-08-29;350.4600;352.6300;349.0000;351.7800;3671901;2025/10/19 18:17:17.964
9;V;2025-08-28;350.6000;351.0400;348.6000;349.8600;4987541;2025/10/19 18:17:17.964
9;V;2025-08-27;350.7100;353.4250;349.8400;350.3500;5531127;2025/10/19 18:17:17.964
9;V;2025-08-26;348.6900;353.4000;347.4450;351.1800;5876224;2025/10/19 18:17:17.964
9;V;2025-08-25;349.6100;350.7200;347.5024;348.8200;8020043;2025/10/19 18:17:17.964
9;V;2025-08-22;345.2200;351.2000;345.2200;350.0400;4973223;2025/10/19 18:17:17.964
9;V;2025-08-21;342.8900;344.5200;339.7200;343.6900;6073857;2025/10/19 18:17:17.964
9;V;2025-08-20;343.4000;347.4400;342.8518;343.9300;5834366;2025/10/19 18:17:17.964
9;V;2025-08-19;342.5600;346.3400;341.8900;342.4500;4457201;2025/10/19 18:17:17.964
9;V;2025-08-18;343.8400;345.7275;340.9500;342.7400;3999572;2025/10/19 18:17:17.964
9;V;2025-08-15;346.2450;348.3600;342.8600;344.4700;4946616;2025/10/19 18:17:17.964
9;V;2025-08-14;342.9400;346.0800;341.6700;345.4900;6224008;2025/10/19 18:17:17.964
9;V;2025-08-13;336.9800;343.4800;336.7800;342.5500;5693362;2025/10/19 18:17:17.964
9;V;2025-08-12;335.2000;338.6500;334.8100;336.7400;5684596;2025/10/19 18:17:17.964
9;V;2025-08-11;336.7300;337.8600;334.5100;335.9000;5715795;2025/10/19 18:17:17.964
9;V;2025-08-08;333.6800;337.3774;332.7300;336.7800;6073868;2025/10/19 18:17:17.964
9;V;2025-08-07;341.4300;342.1500;328.7000;332.0900;8797064;2025/10/19 18:17:17.964
9;V;2025-08-06;338.2950;341.4286;335.4300;339.7400;5944108;2025/10/19 18:17:17.964
9;V;2025-08-05;342.1500;342.4600;335.5500;337.4300;7295564;2025/10/19 18:17:17.964
9;V;2025-08-04;341.6950;344.3800;340.0000;342.1500;7335286;2025/10/19 18:17:17.964
9;V;2025-08-01;344.1000;346.1700;338.1000;339.3500;8658670;2025/10/19 18:17:17.964
9;V;2025-07-31;348.9300;352.8200;345.0901;345.4700;8641733;2025/10/19 18:17:17.964
9;V;2025-07-30;351.7000;356.6200;347.2300;350.9100;12129680;2025/10/19 18:17:17.964
9;V;2025-07-29;356.2900;358.3200;350.8095;351.2900;7402324;2025/10/19 18:17:17.964
9;V;2025-07-28;356.3800;358.3200;354.7300;355.4700;3920959;2025/10/19 18:17:17.964
9;V;2025-07-25;354.0000;357.6500;353.0100;357.0400;3915781;2025/10/19 18:17:17.964
9;V;2025-07-24;354.8200;357.1800;353.8600;353.9700;5887647;2025/10/19 18:17:17.964
9;V;2025-07-23;353.0000;355.7800;351.2100;355.2900;4385600;2025/10/19 18:17:17.964
9;V;2025-07-22;351.1000;354.4800;350.2000;351.8600;4614217;2025/10/19 18:17:17.964
9;V;2025-07-21;349.0600;353.6500;348.4000;350.9400;5216269;2025/10/19 18:17:17.964
9;V;2025-07-18;349.5000;349.5000;347.1600;349.0500;4927644;2025/10/19 18:17:17.964
9;V;2025-07-17;350.0000;351.3700;348.4800;349.8100;4747460;2025/10/19 18:17:17.964
9;V;2025-07-16;347.2900;350.6700;345.8000;349.9000;5544214;2025/10/19 18:17:17.964
9;V;2025-07-15;348.1200;350.2100;346.7600;347.0200;4891719;2025/10/19 18:17:17.964
9;V;2025-07-14;347.3900;351.9700;345.0100;350.5000;5599263;2025/10/19 18:17:17.964
9;V;2025-07-11;352.5100;353.8100;344.3925;347.9300;7580157;2025/10/19 18:17:17.964
9;V;2025-07-10;356.8300;357.6200;353.4500;355.8800;6121637;2025/10/19 18:17:17.964
9;V;2025-07-09;355.0700;357.7600;353.7500;357.7600;7297087;2025/10/19 18:17:17.964
9;V;2025-07-08;356.6800;358.2750;353.2500;354.5500;6966793;2025/10/19 18:17:17.964
9;V;2025-07-07;358.9200;359.6600;354.4900;356.6400;5138011;2025/10/19 18:17:17.964
9;V;2025-07-03;354.5900;359.0000;353.6100;358.8600;3702810;2025/10/19 18:17:17.964
9;V;2025-07-02;354.6000;356.3600;350.0000;354.2200;5131422;2025/10/19 18:17:17.964
9;V;2025-07-01;353.8200;357.0000;351.4200;355.4700;6653409;2025/10/19 18:17:17.964
9;V;2025-06-30;349.3500;355.6100;349.0600;355.0500;7080119;2025/10/19 18:17:17.964
9;V;2025-06-27;346.5900;352.0100;345.6600;348.6100;6601921;2025/10/19 18:17:17.964
9;V;2025-06-26;343.7750;346.9099;342.0300;346.0300;8829456;2025/10/19 18:17:17.964
9;V;2025-06-25;350.4500;351.2899;345.2600;345.2600;6836286;2025/10/19 18:17:17.964
9;V;2025-06-24;351.5200;354.5600;347.9200;351.6300;10171951;2025/10/19 18:17:17.964
9;V;2025-06-23;337.5000;344.3000;335.6300;343.7500;7553346;2025/10/19 18:17:17.964
9;V;2025-06-20;338.9500;340.0000;334.9200;338.5700;19332082;2025/10/19 18:17:17.964
9;V;2025-06-18;357.8500;358.4750;338.0400;340.3800;15008618;2025/10/19 18:17:17.964
9;V;2025-06-17;353.4900;359.6024;353.3200;357.8400;5559643;2025/10/19 18:17:17.964
9;V;2025-06-16;356.4900;360.2200;354.3300;355.4800;7234665;2025/10/19 18:17:17.964
9;V;2025-06-13;361.5050;363.0100;345.0000;352.8500;14181686;2025/10/19 18:17:17.964
9;V;2025-06-12;372.2300;374.1700;369.5450;371.4000;4874007;2025/10/19 18:17:17.964
9;V;2025-06-11;370.0000;375.5100;369.3800;373.3100;5562874;2025/10/19 18:17:17.964
9;V;2025-06-10;367.0000;371.4400;366.6800;370.7000;4109266;2025/10/19 18:17:17.964
9;V;2025-06-09;369.7900;369.7900;362.0500;366.6600;5000275;2025/10/19 18:17:17.964
9;V;2025-06-06;369.0100;371.0000;367.5500;370.2200;5008493;2025/10/19 18:17:17.964
9;V;2025-06-05;370.0000;371.0000;365.9300;366.7700;6884638;2025/10/19 18:17:17.964
9;V;2025-06-04;366.7100;369.6600;366.3100;368.0000;4202306;2025/10/19 18:17:17.964
9;V;2025-06-03;364.5800;366.8800;361.5000;365.8600;5221424;2025/10/19 18:17:17.964
9;V;2025-06-02;362.7700;365.4600;359.9600;365.3200;3845997;2025/10/19 18:17:17.964
9;V;2025-05-30;361.3500;367.0400;361.3500;365.1900;8726858;2025/10/19 18:17:17.964
9;V;2025-05-29;360.3500;363.0400;358.7200;362.4000;4590972;2025/10/19 18:17:17.964
9;V;2025-05-28;359.3400;360.9100;358.0400;359.7300;3299041;2025/10/19 18:17:17.964
10;WMT;2025-10-17;107.1700;108.2000;106.2200;107.7300;13735594;2025/10/19 18:17:17.964
10;WMT;2025-10-16;109.2000;109.5750;105.6600;106.4700;16366166;2025/10/19 18:17:17.964
10;WMT;2025-10-15;107.3200;109.5550;107.3000;109.0300;21416294;2025/10/19 18:17:17.964
10;WMT;2025-10-14;104.0500;107.9200;102.8921;107.2100;30859504;2025/10/19 18:17:17.964
10;WMT;2025-10-13;101.3700;102.4500;101.0700;102.1200;10871182;2025/10/19 18:17:17.964
10;WMT;2025-10-10;102.0500;103.6291;101.5200;101.8400;18519435;2025/10/19 18:17:17.964
10;WMT;2025-10-09;103.1300;103.4500;100.3700;101.7700;19508017;2025/10/19 18:17:17.964
10;WMT;2025-10-08;103.0200;103.2600;102.1500;102.9000;13584084;2025/10/19 18:17:17.964
10;WMT;2025-10-07;102.3800;103.2500;100.9500;103.2400;15538855;2025/10/19 18:17:17.964
10;WMT;2025-10-06;101.8800;103.0650;101.5800;102.7000;13303560;2025/10/19 18:17:17.964
10;WMT;2025-10-03;101.4600;102.8150;101.2000;102.0700;11867483;2025/10/19 18:17:17.964
10;WMT;2025-10-02;101.4500;102.1350;99.8700;101.7000;15605363;2025/10/19 18:17:17.964
10;WMT;2025-10-01;102.5600;102.8600;100.5500;101.9600;16142766;2025/10/19 18:17:17.964
10;WMT;2025-09-30;103.0000;103.9350;102.7200;103.0600;13873389;2025/10/19 18:17:17.964
10;WMT;2025-09-29;103.0500;103.3100;102.0750;103.0800;15477159;2025/10/19 18:17:17.964
10;WMT;2025-09-26;102.8750;103.4900;102.4700;103.1600;11859265;2025/10/19 18:17:17.964
10;WMT;2025-09-25;103.2150;103.5100;102.5800;103.0500;13366747;2025/10/19 18:17:17.964
10;WMT;2025-09-24;103.0400;103.4700;102.4750;102.7300;11391834;2025/10/19 18:17:17.964
10;WMT;2025-09-23;102.4100;102.6800;101.3300;102.5200;13158658;2025/10/19 18:17:17.964
10;WMT;2025-09-22;102.4500;103.2000;101.9211;102.8200;12861946;2025/10/19 18:17:17.964
10;WMT;2025-09-19;103.8100;103.9400;102.0900;102.3300;34791573;2025/10/19 18:17:17.964
10;WMT;2025-09-18;103.7800;104.6350;102.1200;103.6000;14869387;2025/10/19 18:17:17.964
10;WMT;2025-09-17;103.7300;106.1100;103.7300;104.2700;25382015;2025/10/19 18:17:17.964
10;WMT;2025-09-16;103.8500;104.2100;103.1300;103.4200;14481863;2025/10/19 18:17:17.964
10;WMT;2025-09-15;103.6500;103.9800;103.4050;103.6900;10756876;2025/10/19 18:17:17.964
10;WMT;2025-09-12;102.5350;103.9750;102.3600;103.4900;11641926;2025/10/19 18:17:17.964
10;WMT;2025-09-11;100.9900;102.7750;100.2800;102.6500;15900790;2025/10/19 18:17:17.964
10;WMT;2025-09-10;101.9500;102.4499;100.3900;100.4100;17934871;2025/10/19 18:17:17.964
10;WMT;2025-09-09;102.0000;102.4900;101.5500;102.2900;11819663;2025/10/19 18:17:17.964
10;WMT;2025-09-08;100.8500;102.3600;100.4200;102.2800;13685735;2025/10/19 18:17:17.964
10;WMT;2025-09-05;101.0800;101.4800;99.5500;100.5100;13748454;2025/10/19 18:17:17.964
10;WMT;2025-09-04;99.9100;101.3500;99.6500;100.9300;15640895;2025/10/19 18:17:17.964
10;WMT;2025-09-03;97.8500;99.4400;97.5000;99.4400;18726797;2025/10/19 18:17:17.964
10;WMT;2025-09-02;97.2300;97.8500;96.5100;97.8500;15351293;2025/10/19 18:17:17.964
10;WMT;2025-08-29;96.1000;97.0250;95.7950;96.9800;15600269;2025/10/19 18:17:17.964
10;WMT;2025-08-28;96.0000;96.5700;95.7000;96.1100;19241634;2025/10/19 18:17:17.964
10;WMT;2025-08-27;95.9000;96.3150;95.6000;96.0800;12925656;2025/10/19 18:17:17.964
10;WMT;2025-08-26;96.2750;96.4700;95.4200;96.0500;22270353;2025/10/19 18:17:17.964
10;WMT;2025-08-25;97.0000;97.5800;96.0700;96.0700;18956143;2025/10/19 18:17:17.964
10;WMT;2025-08-22;98.0650;99.0500;96.7600;96.8300;32695177;2025/10/19 18:17:17.964
10;WMT;2025-08-21;99.4100;99.4500;96.9500;97.9600;51825050;2025/10/19 18:17:17.964
10;WMT;2025-08-20;101.1500;102.6500;100.9300;102.5700;18655026;2025/10/19 18:17:17.964
10;WMT;2025-08-19;100.9600;102.4300;100.8000;101.2900;16999004;2025/10/19 18:17:17.964
10;WMT;2025-08-18;100.0000;100.8750;99.9150;100.7000;11656135;2025/10/19 18:17:17.964
10;WMT;2025-08-15;100.6300;100.7700;99.5402;100.0000;13604944;2025/10/19 18:17:17.964
10;WMT;2025-08-14;101.2200;101.4400;100.7200;100.8500;10858447;2025/10/19 18:17:17.964
10;WMT;2025-08-13;102.1500;102.8050;100.8500;100.9900;19398499;2025/10/19 18:17:17.964
10;WMT;2025-08-12;104.2500;104.3100;103.3700;103.6200;17919327;2025/10/19 18:17:17.964
10;WMT;2025-08-11;103.9000;104.3300;103.1100;103.9300;12856706;2025/10/19 18:17:17.964
10;WMT;2025-08-08;103.3700;104.7200;103.1500;103.7300;12394722;2025/10/19 18:17:17.964
10;WMT;2025-08-07;103.4600;103.9000;102.1100;103.1200;12509479;2025/10/19 18:17:17.964
10;WMT;2025-08-06;99.4600;103.6850;99.4600;103.3600;23738420;2025/10/19 18:17:17.964
10;WMT;2025-08-05;99.6700;100.4700;98.9100;99.3100;17977008;2025/10/19 18:17:17.964
10;WMT;2025-08-04;98.2000;99.9100;98.2000;99.5900;19050206;2025/10/19 18:17:17.964
10;WMT;2025-08-01;98.0000;98.8300;97.6705;98.4900;16750407;2025/10/19 18:17:17.964
10;WMT;2025-07-31;97.4400;98.6300;97.3100;97.9800;15651348;2025/10/19 18:17:17.964
10;WMT;2025-07-30;98.6100;98.8800;97.2900;97.5900;13864096;2025/10/19 18:17:17.964
10;WMT;2025-07-29;97.7800;98.7200;97.3400;98.3300;14034265;2025/10/19 18:17:17.964
10;WMT;2025-07-28;97.2800;98.1250;97.0750;97.6100;12293060;2025/10/19 18:17:17.964
10;WMT;2025-07-25;96.8400;97.6500;96.5300;97.4700;12868466;2025/10/19 18:17:17.964
10;WMT;2025-07-24;95.5700;96.9550;95.3500;96.6000;14991517;2025/10/19 18:17:17.964
10;WMT;2025-07-23;96.0100;96.2900;95.2900;95.6800;9729672;2025/10/19 18:17:17.964
10;WMT;2025-07-22;95.8400;96.6700;95.7400;95.8500;9049130;2025/10/19 18:17:17.964
10;WMT;2025-07-21;95.2550;96.6400;95.1000;95.6700;13450359;2025/10/19 18:17:17.964
10;WMT;2025-07-18;95.0850;95.4801;94.4300;95.0500;14636294;2025/10/19 18:17:17.964
10;WMT;2025-07-17;95.0750;95.6300;94.8900;95.0900;11165126;2025/10/19 18:17:17.964
10;WMT;2025-07-16;95.4150;95.8296;94.6050;95.1500;11181552;2025/10/19 18:17:17.964
10;WMT;2025-07-15;95.6000;95.7800;94.9350;95.3900;10450759;2025/10/19 18:17:17.964
10;WMT;2025-07-14;94.5100;95.8400;94.3800;95.7800;13779084;2025/10/19 18:17:17.964
10;WMT;2025-07-11;95.0050;95.5344;94.2300;94.4000;14595047;2025/10/19 18:17:17.964
10;WMT;2025-07-10;96.6600;96.7800;94.7350;94.8600;18894787;2025/10/19 18:17:17.964
10;WMT;2025-07-09;97.1500;97.2900;96.3800;96.8100;13702615;2025/10/19 18:17:17.964
10;WMT;2025-07-08;98.8200;99.1700;96.5100;97.0900;16874954;2025/10/19 18:17:17.964
10;WMT;2025-07-07;98.2300;99.3500;97.6200;99.3500;12930913;2025/10/19 18:17:17.964
10;WMT;2025-07-03;97.7000;98.4800;97.4200;98.3600;7686204;2025/10/19 18:17:17.964
10;WMT;2025-07-02;98.1250;98.3817;97.0550;97.6100;12501965;2025/10/19 18:17:17.964
10;WMT;2025-07-01;97.6000;99.1899;97.4238;98.2400;15635847;2025/10/19 18:17:17.964
10;WMT;2025-06-30;97.2300;98.1400;96.3100;97.7800;17803030;2025/10/19 18:17:17.964
10;WMT;2025-06-27;96.3200;97.7600;96.1600;97.2700;31431912;2025/10/19 18:17:17.964
10;WMT;2025-06-26;96.9000;97.3400;95.9150;96.0200;19361417;2025/10/19 18:17:17.964
10;WMT;2025-06-25;98.3100;98.5600;97.1500;97.2600;11154676;2025/10/19 18:17:17.964
10;WMT;2025-06-24;97.7300;99.1050;97.2500;98.0000;22403655;2025/10/19 18:17:17.964
10;WMT;2025-06-23;95.9200;97.9300;95.6700;97.8700;20432351;2025/10/19 18:17:17.964
10;WMT;2025-06-20;95.2400;96.3100;95.2000;96.1200;20604918;2025/10/19 18:17:17.964
10;WMT;2025-06-18;94.5700;95.4900;94.0900;95.0900;11333690;2025/10/19 18:17:17.964
10;WMT;2025-06-17;93.9500;94.8200;93.6200;94.2500;14935630;2025/10/19 18:17:17.964
10;WMT;2025-06-16;94.7500;95.7800;94.0950;94.2900;14881663;2025/10/19 18:17:17.964
10;WMT;2025-06-13;94.5200;95.3200;94.0050;94.4400;18694739;2025/10/19 18:17:17.964
10;WMT;2025-06-12;94.8900;95.2600;93.4300;94.8300;17845704;2025/10/19 18:17:17.964
10;WMT;2025-06-11;97.2900;97.2900;95.3500;95.8000;16389620;2025/10/19 18:17:17.964
10;WMT;2025-06-10;97.2900;98.0892;96.4800;97.3200;17162468;2025/10/19 18:17:17.964
10;WMT;2025-06-09;97.4000;97.8500;96.7700;97.4500;13655700;2025/10/19 18:17:17.964
10;WMT;2025-06-06;98.3700;98.5600;96.9700;97.4700;15599294;2025/10/19 18:17:17.964
10;WMT;2025-06-05;99.2950;99.5900;97.6050;97.9600;15825276;2025/10/19 18:17:17.964
10;WMT;2025-06-04;99.7900;100.1300;99.3200;99.3500;11115649;2025/10/19 18:17:17.964
10;WMT;2025-06-03;99.5650;100.8900;98.5700;99.9800;15598643;2025/10/19 18:17:17.964
10;WMT;2025-06-02;98.8400;99.9050;98.0500;99.7700;16999205;2025/10/19 18:17:17.964
10;WMT;2025-05-30;96.9600;98.9300;96.6000;98.7200;29980069;2025/10/19 18:17:17.964
10;WMT;2025-05-29;97.6300;97.7700;96.8509;97.1000;14343738;2025/10/19 18:17:17.964
10;WMT;2025-05-28;97.5200;98.2400;97.0600;97.2400;11220098;2025/10/19 18:17:17.964
